Date,Region,Country,Product,Category,Sales_Channel,Units_Sold,Unit_Price_USD,Discount,Revenue_USD,Cost_USD,Profit_USD,Customer_Rating
2026-05-01,Asia Pacific,Thailand,Monster Ultra Fiesta Mango,Ultra,Online,201,1.97,0.05,376.17,215.11,161.06,4.1
2025-10-01,Middle East & Africa,Saudi Arabia,Monster Pacific Punch,Juice,Distributor,885,1.5,0.1,1194.75,617.3,577.45,4.1
2026-01-01,North America,Mexico,Java Monster Mean Bean,Coffee,Distributor,590,1.92,0.1,1019.52,687.92,331.6,4.0
2024-03-01,Middle East & Africa,South Africa,Monster Pipeline Punch,Juice,Convenience Store,100,2.85,0.0,285.0,190.89,94.11,4.9
2024-09-01,Europe,Italy,Monster Energy Zero Sugar,Zero Sugar,Online,1443,2.22,0.1,2883.11,1454.26,1428.85,4.3
2025-02-01,North America,Canada,Monster Pacific Punch,Juice,Gym/Fitness,1491,2.44,0.2,2910.43,1518.05,1392.38,4.4
2025-06-01,Europe,Spain,Monster Energy Zero Sugar,Zero Sugar,Distributor,281,4.18,0.2,939.66,587.71,351.95,4.1
2025-11-01,Latin America,Brazil,Monster Pacific Punch,Juice,Gas Station,799,3.74,0.15,2540.02,1517.28,1022.74,4.9
2026-05-01,Middle East & Africa,UAE,Monster Khaotic,Juice,Online,600,3.82,0.1,2062.8,1111.23,951.57,3.7
2025-05-01,Asia Pacific,Japan,Monster Energy Original Green,Original,Gas Station,458,1.72,0.0,787.76,396.38,391.38,4.7
2026-10-01,North America,Mexico,Monster Pipeline Punch,Juice,Gym/Fitness,884,3.69,0.2,2609.57,1715.64,893.93,4.3
2025-02-01,Asia Pacific,India,Monster Ultra Fiesta Mango,Ultra,Convenience Store,1321,2.21,0.2,2335.53,1351.71,983.82,4.3
2025-01-01,Asia Pacific,India,Monster Ultra Paradise,Ultra,Online,1100,3.03,0.2,2666.4,1354.17,1312.23,4.4
2026-05-01,Latin America,Brazil,Monster Pipeline Punch,Juice,Gym/Fitness,1346,1.98,0.0,2665.08,1612.03,1053.05,4.1
2024-06-01,Latin America,Colombia,Monster Rehab Tea + Lemonade,Rehab,Supermarket,1443,4.18,0.05,5730.15,3122.18,2607.97,3.8
2026-09-01,North America,USA,Java Monster Mean Bean,Coffee,Online,712,3.95,0.0,2812.4,1521.39,1291.01,3.9
2024-09-01,Middle East & Africa,UAE,Monster Ultra Zero,Ultra,Supermarket,1337,2.51,0.05,3188.08,1736.36,1451.72,4.3
2024-12-01,Europe,France,Monster Energy Original Green,Original,Gym/Fitness,1031,1.61,0.0,1659.91,1120.98,538.93,4.2
2026-08-01,North America,USA,Monster Ultra Zero,Ultra,Gas Station,1233,3.09,0.0,3809.97,2579.85,1230.12,4.0
2024-11-01,Asia Pacific,India,Monster Mango Loco,Juice,Supermarket,359,2.91,0.0,1044.69,633.82,410.87,4.3
2024-09-01,Latin America,Chile,Monster Mango Loco,Juice,Convenience Store,543,1.62,0.1,791.69,431.62,360.07,4.0
2024-03-01,Asia Pacific,South Korea,Monster Pipeline Punch,Juice,Supermarket,568,3.57,0.0,2027.76,1313.06,714.7,4.5
2026-01-01,Europe,Germany,Monster Ultra Zero,Ultra,Supermarket,342,3.48,0.0,1190.16,805.06,385.1,4.3
2024-02-01,North America,Canada,Monster Rehab Tea + Lemonade,Rehab,Online,532,4.2,0.05,2122.68,1099.0,1023.68,4.0
2025-04-01,Asia Pacific,South Korea,Monster Pacific Punch,Juice,Distributor,133,3.84,0.1,459.65,228.37,231.28,3.9
2025-08-01,Asia Pacific,India,Monster Ultra Zero,Ultra,Gym/Fitness,232,1.52,0.2,282.11,166.37,115.74,4.5
2026-09-01,Latin America,Brazil,Monster Ultra Fiesta Mango,Ultra,Gas Station,895,3.74,0.05,3179.93,1944.6,1235.33,4.4
2025-10-01,Middle East & Africa,South Africa,Monster Mango Loco,Juice,Supermarket,1386,2.8,0.15,3298.68,1914.97,1383.71,4.4
2024-05-01,Latin America,Brazil,Monster Ultra Zero,Ultra,Distributor,626,3.81,0.0,2385.06,1619.24,765.82,4.3
2024-06-01,Asia Pacific,South Korea,Monster Khaotic,Juice,Gas Station,1140,4.28,0.0,4879.2,2881.43,1997.77,4.4
2026-09-01,Latin America,Chile,Monster Ultra Fiesta Mango,Ultra,Distributor,1007,4.05,0.05,3874.43,1991.06,1883.37,4.4
2024-03-01,Europe,Germany,Java Monster Mean Bean,Coffee,Distributor,569,4.13,0.0,2349.97,1526.86,823.11,3.9
2026-05-01,Europe,Germany,Monster Ultra Zero,Ultra,Gym/Fitness,1000,3.33,0.1,2997.0,1745.06,1251.94,4.3
2025-08-01,North America,Canada,Monster Rehab Tea + Lemonade,Rehab,Distributor,550,1.58,0.0,869.0,433.45,435.55,4.4
2026-01-01,Europe,Italy,Monster Mango Loco,Juice,Distributor,393,4.08,0.0,1603.44,781.63,821.81,4.7
2026-09-01,Middle East & Africa,UAE,Monster Pipeline Punch,Juice,Gas Station,1299,4.03,0.1,4711.47,2649.12,2062.35,4.5
2025-04-01,Middle East & Africa,Saudi Arabia,Monster Rehab Tea + Lemonade,Rehab,Convenience Store,1209,2.47,0.0,2986.23,1671.58,1314.65,4.2
2026-02-01,Middle East & Africa,Saudi Arabia,Monster Ultra Fiesta Mango,Ultra,Supermarket,870,2.78,0.1,2176.74,1222.87,953.87,3.9
2026-10-01,North America,USA,Monster Ultra Fiesta Mango,Ultra,Gas Station,976,4.36,0.15,3617.06,2178.71,1438.35,4.2
2026-02-01,Asia Pacific,Thailand,Monster Mango Loco,Juice,Distributor,776,2.53,0.1,1766.95,864.39,902.56,3.7
2024-05-01,Latin America,Colombia,Monster Nitro Super Dry,Nitro,Convenience Store,553,2.97,0.1,1478.17,760.73,717.44,4.2
2024-10-01,Middle East & Africa,Saudi Arabia,Monster Ultra Paradise,Ultra,Gym/Fitness,1326,1.55,0.05,1952.54,1133.7,818.84,4.7
2024-04-01,Europe,UK,Monster Rehab Tea + Lemonade,Rehab,Gas Station,975,3.41,0.1,2992.28,1780.69,1211.59,4.2
2026-09-01,North America,USA,Monster Ultra Zero,Ultra,Gym/Fitness,1371,2.66,0.0,3646.86,2225.67,1421.19,3.9
2025-01-01,Latin America,Chile,Monster Energy Zero Sugar,Zero Sugar,Gym/Fitness,1356,1.78,0.05,2293.0,1254.98,1038.02,4.5
2026-02-01,Europe,Germany,Monster Energy Zero Sugar,Zero Sugar,Online,194,2.35,0.1,410.31,253.81,156.5,4.1
2026-05-01,Latin America,Brazil,Monster Ultra Fiesta Mango,Ultra,Online,1100,2.35,0.0,2585.0,1459.73,1125.27,4.4
2025-06-01,North America,Mexico,Monster Pacific Punch,Juice,Supermarket,742,4.29,0.15,2705.7,1427.85,1277.85,4.5
2026-06-01,North America,USA,Monster Ultra Paradise,Ultra,Gym/Fitness,808,2.46,0.05,1888.3,944.14,944.16,3.8
2025-07-01,Latin America,Brazil,Monster Pipeline Punch,Juice,Gym/Fitness,797,3.53,0.1,2532.07,1505.79,1026.28,4.5
2024-05-01,Asia Pacific,South Korea,Monster Khaotic,Juice,Gym/Fitness,1027,3.52,0.1,3253.54,2177.4,1076.14,4.6
2025-02-01,Europe,Italy,Monster Ultra Zero,Ultra,Convenience Store,1318,3.14,0.05,3931.59,1979.22,1952.37,3.9
2025-05-01,Middle East & Africa,Saudi Arabia,Monster Pipeline Punch,Juice,Convenience Store,1277,3.6,0.0,4597.2,2571.35,2025.85,4.8
2024-05-01,Middle East & Africa,UAE,Monster Mango Loco,Juice,Supermarket,418,3.24,0.15,1151.17,637.9,513.27,4.7
2024-04-01,Latin America,Argentina,Monster Rehab Tea + Lemonade,Rehab,Distributor,524,2.63,0.05,1309.21,693.55,615.66,4.1
2024-03-01,Middle East & Africa,UAE,Monster Energy Zero Sugar,Zero Sugar,Supermarket,1323,3.21,0.1,3822.15,1925.46,1896.69,3.8
2024-01-01,Asia Pacific,Thailand,Monster Rehab Tea + Lemonade,Rehab,Distributor,269,2.7,0.1,653.67,351.11,302.56,4.7
2024-06-01,Europe,Spain,Monster Ultra Fiesta Mango,Ultra,Online,159,3.08,0.05,465.23,308.83,156.4,4.0
2025-08-01,North America,Canada,Monster Khaotic,Juice,Supermarket,1408,3.59,0.0,5054.72,3060.69,1994.03,4.4
2024-11-01,Latin America,Argentina,Monster Pacific Punch,Juice,Gas Station,437,2.87,0.1,1128.77,617.59,511.18,3.9
2026-02-01,Europe,Spain,Monster Energy Zero Sugar,Zero Sugar,Supermarket,619,1.73,0.0,1070.87,569.69,501.18,4.2
2024-09-01,North America,USA,Monster Ultra Paradise,Ultra,Distributor,540,3.55,0.15,1629.45,825.54,803.91,3.8
2025-06-01,Asia Pacific,Thailand,Monster Khaotic,Juice,Supermarket,529,1.75,0.2,740.6,483.77,256.83,3.8
2024-01-01,Europe,UK,Java Monster Mean Bean,Coffee,Gym/Fitness,932,3.75,0.0,3495.0,2355.57,1139.43,4.7
2026-09-01,Europe,UK,Monster Ultra Zero,Ultra,Gym/Fitness,590,2.32,0.2,1095.04,677.11,417.93,4.3
2024-03-01,Middle East & Africa,South Africa,Monster Ultra Fiesta Mango,Ultra,Distributor,756,3.77,0.05,2707.61,1433.6,1274.01,4.2
2024-01-01,Asia Pacific,Thailand,Monster Ultra Paradise,Ultra,Convenience Store,528,3.52,0.0,1858.56,1025.24,833.32,3.8
2026-10-01,Asia Pacific,Japan,Monster Energy Zero Sugar,Zero Sugar,Supermarket,347,3.95,0.1,1233.59,730.52,503.07,4.8
2025-05-01,Middle East & Africa,UAE,Monster Energy Zero Sugar,Zero Sugar,Convenience Store,154,2.14,0.2,263.65,159.1,104.55,4.9
2026-10-01,Europe,France,Monster Ultra Zero,Ultra,Gas Station,526,3.68,0.0,1935.68,1128.11,807.57,4.6
2026-06-01,Europe,France,Monster Energy Original Green,Original,Gas Station,212,3.89,0.0,824.68,548.67,276.01,4.3
2025-08-01,Middle East & Africa,Saudi Arabia,Monster Mango Loco,Juice,Online,132,2.54,0.2,268.22,162.72,105.5,4.0
2025-11-01,Asia Pacific,South Korea,Monster Pacific Punch,Juice,Convenience Store,979,2.54,0.05,2362.33,1547.0,815.33,4.3
2025-07-01,Middle East & Africa,UAE,Monster Energy Zero Sugar,Zero Sugar,Supermarket,683,2.54,0.2,1387.86,690.79,697.07,3.8
2024-12-01,Europe,Germany,Monster Energy Original Green,Original,Supermarket,1181,2.49,0.05,2793.66,1362.92,1430.74,4.7
2025-10-01,Asia Pacific,Thailand,Monster Energy Original Green,Original,Distributor,1129,4.1,0.0,4628.9,2774.82,1854.08,4.9
2025-02-01,Europe,Spain,Monster Pipeline Punch,Juice,Online,157,2.89,0.15,385.67,189.93,195.74,3.9
2024-07-01,Asia Pacific,Japan,Monster Rehab Tea + Lemonade,Rehab,Gym/Fitness,1377,2.84,0.05,3715.15,2078.38,1636.77,3.8
2026-04-01,Europe,UK,Monster Energy Original Green,Original,Gas Station,1334,1.77,0.2,1888.94,951.94,937.0,4.8
2026-01-01,Latin America,Argentina,Monster Ultra Zero,Ultra,Supermarket,312,3.0,0.1,842.4,494.84,347.56,4.4
2025-07-01,Europe,UK,Monster Ultra Fiesta Mango,Ultra,Distributor,771,3.44,0.0,2652.24,1402.69,1249.55,4.3
2026-09-01,Middle East & Africa,Saudi Arabia,Monster Ultra Fiesta Mango,Ultra,Supermarket,703,1.98,0.05,1322.34,657.97,664.37,4.7
2024-03-01,Asia Pacific,Thailand,Monster Ultra Paradise,Ultra,Distributor,999,1.84,0.0,1838.16,1094.07,744.09,4.8
2026-06-01,Asia Pacific,India,Monster Energy Zero Sugar,Zero Sugar,Distributor,926,3.11,0.0,2879.86,1543.59,1336.27,4.6
2026-02-01,Latin America,Chile,Monster Ultra Paradise,Ultra,Distributor,304,3.71,0.1,1015.06,510.54,504.52,4.4
2024-11-01,Latin America,Brazil,Java Monster Mean Bean,Coffee,Convenience Store,338,1.66,0.0,561.08,320.29,240.79,4.4
2024-02-01,Middle East & Africa,Saudi Arabia,Monster Ultra Paradise,Ultra,Distributor,400,1.92,0.0,768.0,485.41,282.59,4.4
2026-06-01,North America,USA,Monster Rehab Tea + Lemonade,Rehab,Gas Station,315,2.73,0.15,730.96,457.71,273.25,4.8
2024-01-01,Latin America,Colombia,Monster Pacific Punch,Juice,Gym/Fitness,952,3.75,0.1,3213.0,1647.41,1565.59,3.9
2025-07-01,Asia Pacific,Australia,Monster Ultra Paradise,Ultra,Distributor,680,4.13,0.0,2808.4,1731.65,1076.75,4.2
2026-08-01,Asia Pacific,Thailand,Monster Mango Loco,Juice,Convenience Store,1126,2.82,0.0,3175.32,1671.62,1503.7,4.8
2025-02-01,Middle East & Africa,South Africa,Monster Pipeline Punch,Juice,Gym/Fitness,277,4.32,0.05,1136.81,621.81,515.0,3.9
2026-09-01,Latin America,Argentina,Monster Pipeline Punch,Juice,Online,1002,3.87,0.2,3102.19,1955.87,1146.32,4.5
2026-09-01,Latin America,Argentina,Monster Energy Zero Sugar,Zero Sugar,Gas Station,596,4.13,0.0,2461.48,1232.18,1229.3,4.3
2025-12-01,Latin America,Colombia,Monster Pacific Punch,Juice,Online,1364,2.96,0.1,3633.7,2269.07,1364.63,4.6
2026-02-01,Asia Pacific,Japan,Monster Ultra Fiesta Mango,Ultra,Convenience Store,90,4.38,0.2,315.36,165.71,149.65,4.2
2024-12-01,Europe,Italy,Monster Pacific Punch,Juice,Gas Station,1037,1.8,0.0,1866.6,902.73,963.87,4.7
2024-04-01,Middle East & Africa,UAE,Monster Pacific Punch,Juice,Online,206,1.96,0.1,363.38,201.63,161.75,3.8
2026-05-01,North America,Canada,Java Monster Mean Bean,Coffee,Supermarket,893,2.21,0.0,1973.53,1278.41,695.12,3.8
2024-01-01,Asia Pacific,Thailand,Monster Khaotic,Juice,Online,1412,2.51,0.1,3189.71,2033.63,1156.08,4.4
2026-01-01,Europe,France,Monster Mango Loco,Juice,Online,465,2.9,0.05,1281.08,803.88,477.2,4.2
2025-12-01,North America,Mexico,Monster Ultra Paradise,Ultra,Distributor,789,1.6,0.0,1262.4,697.45,564.95,4.4
2026-02-01,Latin America,Argentina,Monster Ultra Fiesta Mango,Ultra,Distributor,1152,2.03,0.1,2104.7,1203.46,901.24,4.4
2026-04-01,Middle East & Africa,UAE,Monster Pipeline Punch,Juice,Distributor,1244,2.69,0.05,3179.04,1659.4,1519.64,4.8
2026-05-01,North America,USA,Monster Pacific Punch,Juice,Distributor,1122,1.7,0.2,1525.92,950.36,575.56,4.3
2026-04-01,North America,Canada,Monster Mango Loco,Juice,Online,1026,1.97,0.0,2021.22,1105.35,915.87,3.8
2026-08-01,Europe,Germany,Monster Ultra Zero,Ultra,Supermarket,241,2.73,0.1,592.14,383.68,208.46,4.7
2024-03-01,Asia Pacific,Thailand,Monster Pacific Punch,Juice,Convenience Store,1157,2.52,0.15,2478.29,1278.08,1200.21,4.5
2026-08-01,Asia Pacific,South Korea,Monster Ultra Paradise,Ultra,Convenience Store,244,1.92,0.2,374.78,201.87,172.91,4.8
2024-07-01,North America,Mexico,Monster Ultra Fiesta Mango,Ultra,Convenience Store,226,1.87,0.05,401.49,239.53,161.96,4.2
2024-01-01,Middle East & Africa,South Africa,Monster Nitro Super Dry,Nitro,Distributor,1102,2.64,0.1,2618.35,1691.8,926.55,4.1
2024-09-01,Europe,Italy,Monster Rehab Tea + Lemonade,Rehab,Distributor,933,3.84,0.0,3582.72,2342.0,1240.72,4.3
2025-11-01,North America,Canada,Monster Ultra Zero,Ultra,Distributor,1312,2.31,0.0,3030.72,1838.72,1192.0,4.0
2025-10-01,Asia Pacific,South Korea,Monster Nitro Super Dry,Nitro,Convenience Store,521,4.2,0.0,2188.2,1169.51,1018.69,3.7
2025-09-01,Europe,Spain,Monster Khaotic,Juice,Gym/Fitness,1013,1.7,0.15,1463.78,893.32,570.46,4.7
2025-10-01,Middle East & Africa,South Africa,Monster Khaotic,Juice,Convenience Store,1390,4.12,0.0,5726.8,3436.67,2290.13,4.5
2025-05-01,Europe,Italy,Monster Rehab Tea + Lemonade,Rehab,Online,781,3.06,0.0,2389.86,1226.61,1163.25,4.6
2026-02-01,Middle East & Africa,UAE,Java Monster Mean Bean,Coffee,Online,1399,2.81,0.1,3538.07,2207.08,1330.99,4.1
2026-10-01,Middle East & Africa,UAE,Monster Nitro Super Dry,Nitro,Online,830,2.29,0.05,1805.66,1170.62,635.04,4.7
2026-10-01,North America,Canada,Monster Energy Zero Sugar,Zero Sugar,Convenience Store,152,1.73,0.0,262.96,147.93,115.03,4.5
2026-01-01,Asia Pacific,Japan,Monster Energy Zero Sugar,Zero Sugar,Online,1332,1.51,0.05,1910.75,1021.16,889.59,4.4
2025-05-01,Europe,UK,Monster Pipeline Punch,Juice,Gym/Fitness,91,3.13,0.05,270.59,169.51,101.08,4.7
2025-04-01,North America,Canada,Monster Khaotic,Juice,Convenience Store,1371,2.16,0.0,2961.36,1452.01,1509.35,4.5
2025-04-01,North America,Mexico,Monster Nitro Super Dry,Nitro,Online,1060,2.92,0.2,2476.16,1248.24,1227.92,4.6
2024-08-01,Europe,France,Monster Pipeline Punch,Juice,Convenience Store,673,3.74,0.1,2265.32,1469.99,795.33,4.1
2025-05-01,Asia Pacific,South Korea,Monster Rehab Tea + Lemonade,Rehab,Gas Station,1201,4.15,0.05,4734.94,2594.63,2140.31,4.6
2025-03-01,North America,USA,Monster Mango Loco,Juice,Distributor,1000,3.71,0.0,3710.0,2438.2,1271.8,4.4
2024-02-01,Asia Pacific,Australia,Monster Energy Zero Sugar,Zero Sugar,Online,493,1.5,0.15,628.57,368.21,260.36,4.8
2026-05-01,North America,USA,Monster Ultra Fiesta Mango,Ultra,Supermarket,827,3.38,0.1,2515.73,1702.69,813.04,4.6
2025-08-01,Middle East & Africa,UAE,Monster Energy Original Green,Original,Gym/Fitness,82,2.9,0.2,190.24,123.76,66.48,4.6
2026-01-01,North America,USA,Monster Khaotic,Juice,Gym/Fitness,478,2.65,0.1,1140.03,596.98,543.05,4.8
2024-06-01,Asia Pacific,Thailand,Monster Energy Zero Sugar,Zero Sugar,Distributor,1256,3.73,0.1,4216.39,2219.23,1997.16,4.8
2024-10-01,Asia Pacific,Australia,Monster Khaotic,Juice,Gym/Fitness,297,1.61,0.0,478.17,304.08,174.09,4.1
2025-11-01,North America,USA,Monster Ultra Zero,Ultra,Convenience Store,1123,4.48,0.15,4276.38,2275.23,2001.15,4.3
2025-05-01,Asia Pacific,Japan,Monster Mango Loco,Juice,Convenience Store,860,2.17,0.0,1866.2,1117.08,749.12,4.4
2024-11-01,North America,Mexico,Java Monster Mean Bean,Coffee,Supermarket,1067,2.93,0.05,2969.99,1993.25,976.74,4.7
2025-03-01,North America,USA,Java Monster Mean Bean,Coffee,Gym/Fitness,1034,2.34,0.1,2177.6,1207.56,970.04,4.0
2026-02-01,Europe,Italy,Monster Rehab Tea + Lemonade,Rehab,Distributor,1052,4.18,0.15,3737.76,2430.45,1307.31,4.3
2026-05-01,Asia Pacific,Australia,Monster Ultra Zero,Ultra,Online,1143,3.53,0.05,3833.05,2502.59,1330.46,4.6
2025-04-01,Latin America,Brazil,Java Monster Mean Bean,Coffee,Gas Station,895,3.63,0.05,3086.41,1628.82,1457.59,4.8
2026-03-01,Latin America,Chile,Monster Ultra Fiesta Mango,Ultra,Online,636,4.12,0.05,2489.3,1632.52,856.78,3.7
2026-06-01,Europe,Spain,Monster Energy Zero Sugar,Zero Sugar,Supermarket,668,3.02,0.0,2017.36,1084.14,933.22,4.4
2025-05-01,Europe,Spain,Monster Pacific Punch,Juice,Supermarket,444,3.84,0.2,1363.97,732.0,631.97,3.7
2026-08-01,Europe,Spain,Monster Rehab Tea + Lemonade,Rehab,Gas Station,414,4.3,0.15,1513.17,965.04,548.13,3.9
2024-04-01,Asia Pacific,India,Monster Rehab Tea + Lemonade,Rehab,Online,997,3.63,0.2,2895.29,1590.03,1305.26,4.4
2025-06-01,Europe,Italy,Monster Rehab Tea + Lemonade,Rehab,Supermarket,842,1.89,0.15,1352.67,753.06,599.61,3.8
2024-06-01,Asia Pacific,Japan,Monster Nitro Super Dry,Nitro,Gym/Fitness,817,4.49,0.0,3668.33,1835.77,1832.56,4.7
2026-05-01,Asia Pacific,South Korea,Monster Energy Zero Sugar,Zero Sugar,Gas Station,1053,2.19,0.05,2190.77,1171.3,1019.47,4.8
2026-04-01,Middle East & Africa,UAE,Monster Ultra Fiesta Mango,Ultra,Convenience Store,163,2.69,0.0,438.47,249.25,189.22,4.1
2025-03-01,Europe,Italy,Monster Ultra Zero,Ultra,Online,1088,3.46,0.1,3388.03,2007.58,1380.45,4.3
2024-08-01,Latin America,Argentina,Monster Khaotic,Juice,Online,1412,1.96,0.05,2629.14,1706.2,922.94,4.6
2026-05-01,Latin America,Brazil,Monster Pacific Punch,Juice,Supermarket,457,3.35,0.2,1224.76,701.08,523.68,3.7
2025-08-01,Latin America,Brazil,Monster Mango Loco,Juice,Online,1096,1.98,0.2,1736.06,1035.38,700.68,4.0
2025-01-01,North America,USA,Monster Energy Zero Sugar,Zero Sugar,Supermarket,1423,2.69,0.2,3062.3,1648.54,1413.76,4.5
2024-08-01,Asia Pacific,Japan,Monster Pacific Punch,Juice,Distributor,480,1.81,0.2,695.04,353.43,341.61,4.3
2026-04-01,Latin America,Brazil,Monster Nitro Super Dry,Nitro,Supermarket,1015,1.53,0.1,1397.65,691.11,706.54,4.3
2025-01-01,North America,USA,Monster Ultra Paradise,Ultra,Convenience Store,997,2.47,0.2,1970.07,1169.25,800.82,4.5
2025-03-01,Europe,Germany,Monster Pipeline Punch,Juice,Supermarket,507,1.81,0.05,871.79,440.12,431.67,4.8
2024-06-01,North America,Mexico,Monster Khaotic,Juice,Online,1473,4.31,0.0,6348.63,3841.31,2507.32,4.6
2024-07-01,Asia Pacific,South Korea,Monster Ultra Paradise,Ultra,Gas Station,1493,3.95,0.0,5897.35,3397.94,2499.41,3.7
2025-02-01,Asia Pacific,Australia,Monster Mango Loco,Juice,Online,1115,2.24,0.15,2122.96,1222.52,900.44,4.4
2024-08-01,Middle East & Africa,South Africa,Monster Ultra Fiesta Mango,Ultra,Distributor,774,1.63,0.1,1135.46,671.14,464.32,4.6
2026-08-01,North America,Mexico,Monster Ultra Zero,Ultra,Supermarket,1003,2.1,0.05,2000.99,1048.74,952.25,4.2
2024-07-01,Latin America,Brazil,Monster Ultra Fiesta Mango,Ultra,Distributor,238,2.75,0.1,589.05,356.82,232.23,4.6
2025-08-01,Latin America,Colombia,Monster Energy Zero Sugar,Zero Sugar,Gas Station,1026,3.24,0.1,2991.82,1453.66,1538.16,4.2
2024-02-01,Europe,Spain,Monster Mango Loco,Juice,Online,374,2.33,0.05,827.85,444.37,383.48,4.1
2025-06-01,Middle East & Africa,South Africa,Monster Energy Original Green,Original,Gas Station,946,3.83,0.1,3260.86,2158.06,1102.8,3.9
2025-02-01,Europe,Italy,Monster Ultra Fiesta Mango,Ultra,Supermarket,1084,2.81,0.2,2436.83,1594.05,842.78,4.2
2025-08-01,Europe,UK,Java Monster Mean Bean,Coffee,Gas Station,107,2.27,0.15,206.46,99.47,106.99,4.4
2025-11-01,Asia Pacific,Australia,Monster Ultra Zero,Ultra,Supermarket,709,2.01,0.0,1425.09,811.95,613.14,4.5
2024-01-01,Middle East & Africa,South Africa,Monster Rehab Tea + Lemonade,Rehab,Gym/Fitness,592,2.26,0.2,1070.34,549.65,520.69,3.7
2024-12-01,Middle East & Africa,UAE,Monster Energy Original Green,Original,Convenience Store,235,4.09,0.2,768.92,400.74,368.18,3.8
2025-02-01,Europe,UK,Monster Ultra Fiesta Mango,Ultra,Gym/Fitness,1123,1.66,0.0,1864.18,940.33,923.85,4.2
2024-05-01,North America,USA,Monster Ultra Zero,Ultra,Online,1309,3.56,0.1,4194.04,2840.73,1353.31,4.9
2026-10-01,North America,Canada,Monster Khaotic,Juice,Gas Station,1142,2.86,0.05,3102.81,1792.71,1310.1,4.5
2025-11-01,Middle East & Africa,Saudi Arabia,Monster Nitro Super Dry,Nitro,Gym/Fitness,971,3.52,0.0,3417.92,1769.35,1648.57,4.6
2026-08-01,Middle East & Africa,South Africa,Monster Mango Loco,Juice,Convenience Store,1278,3.58,0.0,4575.24,2538.61,2036.63,3.7
2025-05-01,Europe,UK,Monster Rehab Tea + Lemonade,Rehab,Distributor,1066,4.29,0.2,3658.51,2428.28,1230.23,4.4
2024-05-01,North America,Canada,Monster Rehab Tea + Lemonade,Rehab,Gym/Fitness,1089,3.31,0.0,3604.59,2354.83,1249.76,4.9
2024-09-01,Middle East & Africa,UAE,Monster Khaotic,Juice,Online,1050,4.14,0.15,3694.95,2339.04,1355.91,4.8
2024-06-01,Europe,Germany,Monster Khaotic,Juice,Supermarket,1382,2.81,0.05,3689.25,2048.03,1641.22,4.1
2025-09-01,North America,Canada,Monster Pipeline Punch,Juice,Supermarket,222,3.59,0.1,717.28,422.98,294.3,4.4
2026-02-01,Asia Pacific,Japan,Monster Pacific Punch,Juice,Convenience Store,1053,3.36,0.2,2830.46,1641.92,1188.54,4.4
2024-06-01,Latin America,Brazil,Monster Nitro Super Dry,Nitro,Gas Station,744,2.64,0.0,1964.16,1149.67,814.49,4.0
2025-03-01,Asia Pacific,Australia,Monster Rehab Tea + Lemonade,Rehab,Gym/Fitness,970,3.06,0.15,2522.97,1309.81,1213.16,3.7
2025-03-01,North America,Mexico,Monster Ultra Zero,Ultra,Gas Station,403,4.3,0.2,1386.32,719.38,666.94,3.9
2026-03-01,Middle East & Africa,South Africa,Monster Rehab Tea + Lemonade,Rehab,Supermarket,370,3.24,0.0,1198.8,721.76,477.04,4.6
2025-01-01,Latin America,Argentina,Monster Khaotic,Juice,Supermarket,429,2.04,0.1,787.64,406.65,380.99,4.3
2025-08-01,Latin America,Argentina,Monster Pipeline Punch,Juice,Distributor,1488,2.62,0.15,3313.78,2010.24,1303.54,4.8
2025-09-01,Latin America,Brazil,Monster Nitro Super Dry,Nitro,Supermarket,600,3.44,0.0,2064.0,1139.65,924.35,4.8
2026-02-01,Asia Pacific,Thailand,Monster Ultra Paradise,Ultra,Convenience Store,129,3.7,0.1,429.57,242.6,186.97,4.5
2025-07-01,Latin America,Argentina,Monster Energy Original Green,Original,Gym/Fitness,321,1.96,0.0,629.16,394.72,234.44,4.7
2025-05-01,Middle East & Africa,South Africa,Monster Ultra Zero,Ultra,Gym/Fitness,1067,2.12,0.05,2148.94,1131.18,1017.76,4.2
2026-01-01,Europe,France,Monster Pipeline Punch,Juice,Gas Station,1477,2.84,0.0,4194.68,2594.36,1600.32,4.9
2025-07-01,Latin America,Argentina,Monster Mango Loco,Juice,Supermarket,633,4.22,0.15,2270.57,1125.94,1144.63,3.8
2024-03-01,North America,USA,Java Monster Mean Bean,Coffee,Gas Station,1173,2.56,0.1,2702.59,1536.37,1166.22,4.7
2024-05-01,Latin America,Chile,Monster Ultra Fiesta Mango,Ultra,Convenience Store,855,4.14,0.0,3539.7,2180.55,1359.15,4.0
2024-03-01,Europe,Spain,Monster Energy Zero Sugar,Zero Sugar,Distributor,693,3.17,0.0,2196.81,1250.58,946.23,4.1
2024-05-01,Middle East & Africa,UAE,Monster Khaotic,Juice,Gas Station,390,3.11,0.2,970.32,547.78,422.54,4.7
2025-05-01,Latin America,Colombia,Monster Ultra Paradise,Ultra,Distributor,594,4.28,0.15,2160.97,1089.05,1071.92,4.9
2024-05-01,Latin America,Colombia,Monster Pacific Punch,Juice,Convenience Store,443,2.23,0.2,790.31,461.69,328.62,4.4
2024-08-01,North America,USA,Monster Rehab Tea + Lemonade,Rehab,Convenience Store,817,1.69,0.1,1242.66,671.81,570.85,4.0
2025-09-01,Europe,France,Monster Khaotic,Juice,Gas Station,1048,3.03,0.05,3016.67,1687.51,1329.16,4.2
2025-06-01,Asia Pacific,Japan,Monster Mango Loco,Juice,Distributor,1419,4.05,0.0,5746.95,3334.56,2412.39,4.2
2025-06-01,Middle East & Africa,South Africa,Monster Pacific Punch,Juice,Online,213,1.92,0.1,368.06,236.94,131.12,4.1
2024-02-01,Asia Pacific,Australia,Monster Ultra Zero,Ultra,Distributor,1309,4.43,0.0,5798.87,3737.35,2061.52,3.9
2026-09-01,Latin America,Chile,Monster Energy Original Green,Original,Supermarket,1213,4.19,0.2,4065.98,2093.85,1972.13,4.3
2024-06-01,North America,USA,Monster Ultra Fiesta Mango,Ultra,Gym/Fitness,561,1.7,0.0,953.7,554.31,399.39,4.0
2024-12-01,Latin America,Brazil,Monster Ultra Paradise,Ultra,Convenience Store,1068,1.82,0.2,1555.01,746.51,808.5,3.7
2025-11-01,Asia Pacific,Japan,Monster Ultra Fiesta Mango,Ultra,Supermarket,857,2.14,0.2,1467.18,996.18,471.0,3.8
2025-11-01,Asia Pacific,India,Monster Ultra Zero,Ultra,Gas Station,228,1.86,0.2,339.26,180.85,158.41,3.9
2026-09-01,Latin America,Colombia,Monster Pipeline Punch,Juice,Gas Station,864,2.2,0.1,1710.72,925.93,784.79,4.4
2024-07-01,Asia Pacific,South Korea,Monster Mango Loco,Juice,Distributor,534,3.7,0.2,1580.64,1063.4,517.24,4.0
2026-03-01,Middle East & Africa,Saudi Arabia,Monster Mango Loco,Juice,Gym/Fitness,740,3.78,0.0,2797.2,1448.78,1348.42,4.4
2025-09-01,Europe,Germany,Monster Ultra Fiesta Mango,Ultra,Online,417,1.69,0.1,634.26,351.56,282.7,4.0
2025-09-01,Latin America,Colombia,Monster Pipeline Punch,Juice,Convenience Store,708,2.96,0.1,1886.11,1231.5,654.61,4.0
2026-05-01,Latin America,Brazil,Monster Mango Loco,Juice,Supermarket,633,3.86,0.15,2076.87,1052.2,1024.67,3.8
2024-01-01,Europe,Spain,Monster Energy Original Green,Original,Convenience Store,1113,4.29,0.1,4297.29,2734.08,1563.21,4.7
2024-08-01,Asia Pacific,India,Monster Energy Original Green,Original,Supermarket,1035,2.85,0.15,2507.29,1278.8,1228.49,4.6
2025-11-01,Middle East & Africa,UAE,Monster Pacific Punch,Juice,Supermarket,166,3.65,0.15,515.01,329.83,185.18,3.8
2024-05-01,Latin America,Brazil,Monster Pacific Punch,Juice,Gas Station,445,4.47,0.1,1790.23,1136.67,653.56,4.5
2024-05-01,Middle East & Africa,Saudi Arabia,Monster Mango Loco,Juice,Gas Station,1455,1.71,0.0,2488.05,1204.69,1283.36,3.8
2025-05-01,North America,USA,Monster Energy Zero Sugar,Zero Sugar,Supermarket,542,2.12,0.0,1149.04,610.24,538.8,4.0
2026-01-01,Europe,Germany,Monster Nitro Super Dry,Nitro,Gym/Fitness,228,1.88,0.05,407.21,275.27,131.94,4.4
2026-08-01,Latin America,Argentina,Java Monster Mean Bean,Coffee,Online,601,2.51,0.0,1508.51,791.85,716.66,4.1
2025-02-01,Latin America,Argentina,Monster Khaotic,Juice,Distributor,869,2.32,0.1,1814.47,915.04,899.43,3.9
2025-09-01,Asia Pacific,Australia,Monster Pipeline Punch,Juice,Distributor,118,4.04,0.0,476.72,280.69,196.03,4.5
2025-09-01,Latin America,Colombia,Java Monster Mean Bean,Coffee,Gym/Fitness,335,3.14,0.05,999.31,533.5,465.81,4.3
2025-06-01,Europe,Italy,Monster Ultra Fiesta Mango,Ultra,Gas Station,542,1.78,0.0,964.76,504.28,460.48,4.3
2025-01-01,Asia Pacific,Thailand,Monster Energy Original Green,Original,Gas Station,775,3.34,0.2,2070.8,1227.99,842.81,4.5
2026-01-01,Middle East & Africa,South Africa,Monster Pacific Punch,Juice,Gas Station,441,3.17,0.0,1397.97,878.4,519.57,4.8
2026-08-01,Europe,Germany,Java Monster Mean Bean,Coffee,Supermarket,552,3.17,0.2,1399.87,844.4,555.47,3.9
2025-01-01,North America,Canada,Monster Nitro Super Dry,Nitro,Convenience Store,681,4.02,0.1,2463.86,1550.13,913.73,3.9
2025-08-01,Asia Pacific,Japan,Monster Pipeline Punch,Juice,Gas Station,1173,4.13,0.15,4117.82,2079.26,2038.56,4.2
2025-08-01,Europe,France,Monster Nitro Super Dry,Nitro,Gas Station,901,3.59,0.15,2749.4,1335.7,1413.7,3.9
2025-08-01,North America,Mexico,Monster Pipeline Punch,Juice,Gas Station,595,3.03,0.05,1712.71,844.32,868.39,4.4
2024-04-01,Europe,Germany,Monster Ultra Zero,Ultra,Distributor,238,1.57,0.05,354.98,205.76,149.22,3.8
2025-12-01,Middle East & Africa,Saudi Arabia,Monster Nitro Super Dry,Nitro,Gas Station,1077,2.13,0.1,2064.61,1204.6,860.01,4.2
2026-06-01,North America,Mexico,Monster Energy Original Green,Original,Online,1249,2.61,0.0,3259.89,1954.78,1305.11,4.6
2026-09-01,North America,Canada,Monster Ultra Paradise,Ultra,Gas Station,739,3.86,0.05,2709.91,1672.51,1037.4,4.9
2024-11-01,North America,Canada,Monster Ultra Fiesta Mango,Ultra,Distributor,579,2.59,0.0,1499.61,769.39,730.22,4.5
2024-06-01,North America,Mexico,Monster Ultra Zero,Ultra,Gym/Fitness,836,1.67,0.05,1326.31,750.6,575.71,4.7
2025-08-01,North America,USA,Monster Nitro Super Dry,Nitro,Convenience Store,783,2.95,0.2,1847.88,1120.25,727.63,3.8
2024-01-01,North America,Canada,Monster Khaotic,Juice,Supermarket,1285,2.18,0.1,2521.17,1278.41,1242.76,4.6
2025-09-01,Latin America,Argentina,Monster Mango Loco,Juice,Distributor,1323,2.33,0.1,2774.33,1768.43,1005.9,4.9
2026-07-01,Europe,UK,Monster Mango Loco,Juice,Supermarket,920,2.96,0.05,2587.04,1274.2,1312.84,4.8
2025-09-01,Latin America,Argentina,Monster Energy Original Green,Original,Gym/Fitness,1173,4.2,0.0,4926.6,3086.46,1840.14,4.4
2026-02-01,Latin America,Colombia,Monster Khaotic,Juice,Gym/Fitness,244,4.44,0.0,1083.36,551.42,531.94,4.6
2025-12-01,North America,Mexico,Monster Ultra Zero,Ultra,Gym/Fitness,932,3.33,0.0,3103.56,1603.31,1500.25,3.7
2024-04-01,Europe,UK,Monster Pipeline Punch,Juice,Gas Station,677,3.18,0.0,2152.86,1455.56,697.3,4.0
2025-10-01,North America,USA,Monster Energy Zero Sugar,Zero Sugar,Convenience Store,1045,2.18,0.0,2278.1,1314.33,963.77,3.9
2025-10-01,North America,Canada,Monster Nitro Super Dry,Nitro,Distributor,177,4.09,0.05,687.73,419.65,268.08,4.4
2024-10-01,Asia Pacific,Japan,Monster Energy Original Green,Original,Distributor,1039,2.52,0.15,2225.54,1141.57,1083.97,4.1
2025-10-01,Middle East & Africa,South Africa,Monster Mango Loco,Juice,Gas Station,707,4.11,0.05,2760.48,1847.67,912.81,4.4
2026-02-01,North America,Mexico,Monster Energy Zero Sugar,Zero Sugar,Distributor,1357,2.53,0.1,3089.89,1816.05,1273.84,4.3
2025-11-01,North America,Mexico,Monster Energy Zero Sugar,Zero Sugar,Gas Station,788,4.39,0.1,3113.39,1820.29,1293.1,4.0
2025-09-01,North America,Mexico,Monster Pacific Punch,Juice,Online,1313,1.97,0.1,2327.95,1377.13,950.82,3.9
2024-03-01,Asia Pacific,Australia,Java Monster Mean Bean,Coffee,Gym/Fitness,119,3.02,0.1,323.44,168.32,155.12,3.9
2026-08-01,Latin America,Colombia,Java Monster Mean Bean,Coffee,Supermarket,692,2.82,0.2,1561.15,1051.51,509.64,4.7
2024-12-01,Asia Pacific,India,Monster Pipeline Punch,Juice,Convenience Store,1092,3.5,0.15,3248.7,1769.25,1479.45,4.9
2026-07-01,Asia Pacific,Japan,Monster Ultra Fiesta Mango,Ultra,Distributor,210,3.08,0.0,646.8,416.92,229.88,4.0
2024-05-01,Asia Pacific,Thailand,Monster Rehab Tea + Lemonade,Rehab,Supermarket,344,3.96,0.0,1362.24,684.05,678.19,4.6
2024-11-01,Europe,Spain,Monster Rehab Tea + Lemonade,Rehab,Distributor,536,2.57,0.0,1377.52,886.92,490.6,4.8
2026-02-01,Middle East & Africa,Saudi Arabia,Monster Energy Original Green,Original,Convenience Store,1060,2.76,0.0,2925.6,1607.88,1317.72,4.2
2024-11-01,North America,Mexico,Monster Mango Loco,Juice,Supermarket,352,4.02,0.05,1344.29,872.1,472.19,4.0
2025-08-01,Middle East & Africa,Saudi Arabia,Monster Energy Zero Sugar,Zero Sugar,Gas Station,562,3.56,0.1,1800.65,1109.8,690.85,3.9
2024-01-01,Asia Pacific,South Korea,Monster Nitro Super Dry,Nitro,Gas Station,222,2.14,0.05,451.33,285.53,165.8,4.2
2025-02-01,Latin America,Colombia,Monster Energy Original Green,Original,Supermarket,630,3.92,0.1,2222.64,1362.47,860.17,4.0
2024-06-01,Asia Pacific,Japan,Monster Pipeline Punch,Juice,Distributor,1457,2.84,0.2,3310.3,1739.05,1571.25,4.2
2025-07-01,Asia Pacific,South Korea,Monster Energy Original Green,Original,Supermarket,360,2.76,0.2,794.88,527.49,267.39,4.0
2025-07-01,Asia Pacific,Japan,Monster Nitro Super Dry,Nitro,Supermarket,1378,3.91,0.1,4849.18,3279.79,1569.39,4.4
2025-07-01,Latin America,Argentina,Monster Pacific Punch,Juice,Supermarket,1013,1.86,0.1,1695.76,846.7,849.06,4.0
2026-01-01,Asia Pacific,Thailand,Monster Ultra Zero,Ultra,Gas Station,1080,2.4,0.2,2073.6,1243.67,829.93,3.8
2024-08-01,Europe,UK,Monster Mango Loco,Juice,Gas Station,1230,3.38,0.15,3533.79,2288.59,1245.2,4.0
2024-11-01,Europe,Italy,Monster Ultra Fiesta Mango,Ultra,Gym/Fitness,1428,2.26,0.15,2743.19,1645.35,1097.84,3.8
2024-09-01,Middle East & Africa,UAE,Monster Ultra Paradise,Ultra,Gas Station,1138,3.99,0.0,4540.62,2202.33,2338.29,4.5
2024-12-01,North America,Mexico,Monster Nitro Super Dry,Nitro,Gym/Fitness,899,2.83,0.15,2162.54,1311.06,851.48,4.4
2024-04-01,Latin America,Colombia,Monster Ultra Paradise,Ultra,Online,155,2.96,0.2,367.04,195.46,171.58,4.0
2024-01-01,North America,Canada,Monster Energy Original Green,Original,Convenience Store,652,2.92,0.0,1903.84,1259.34,644.5,4.0
2024-01-01,North America,USA,Monster Energy Original Green,Original,Supermarket,946,2.09,0.05,1878.28,1069.67,808.61,4.3
2025-01-01,Middle East & Africa,Saudi Arabia,Monster Energy Original Green,Original,Gym/Fitness,1405,1.65,0.05,2202.34,1428.84,773.5,4.0
2024-09-01,Middle East & Africa,UAE,Monster Khaotic,Juice,Gym/Fitness,935,3.09,0.05,2744.69,1595.99,1148.7,4.7
2024-11-01,Asia Pacific,Japan,Monster Energy Original Green,Original,Gym/Fitness,1271,2.77,0.1,3168.6,2080.03,1088.57,4.5
2024-12-01,Middle East & Africa,UAE,Monster Nitro Super Dry,Nitro,Distributor,182,4.36,0.15,674.49,323.97,350.52,4.5
2025-11-01,North America,Mexico,Monster Ultra Paradise,Ultra,Convenience Store,929,2.27,0.1,1897.95,1056.72,841.23,4.2
2025-07-01,Latin America,Colombia,Monster Ultra Paradise,Ultra,Convenience Store,1216,1.71,0.0,2079.36,1131.62,947.74,4.6
2026-05-01,North America,Canada,Monster Energy Zero Sugar,Zero Sugar,Gas Station,1369,3.01,0.05,3914.66,2594.08,1320.58,4.4
2024-03-01,Latin America,Argentina,Java Monster Mean Bean,Coffee,Convenience Store,708,4.21,0.2,2384.54,1539.94,844.6,4.9
2025-05-01,North America,Canada,Monster Rehab Tea + Lemonade,Rehab,Distributor,498,2.85,0.15,1206.4,675.43,530.97,4.8
2026-07-01,North America,Mexico,Monster Pacific Punch,Juice,Gym/Fitness,1397,4.04,0.2,4515.1,2936.48,1578.62,4.2
2024-09-01,Middle East & Africa,Saudi Arabia,Monster Nitro Super Dry,Nitro,Gas Station,1133,2.84,0.0,3217.72,1791.78,1425.94,4.2
2025-03-01,North America,Mexico,Monster Pipeline Punch,Juice,Gas Station,439,4.17,0.0,1830.63,1014.19,816.44,3.7
2026-09-01,Europe,Spain,Monster Ultra Fiesta Mango,Ultra,Gym/Fitness,86,1.93,0.0,165.98,91.15,74.83,3.9
2024-10-01,Latin America,Argentina,Monster Rehab Tea + Lemonade,Rehab,Gym/Fitness,1086,1.72,0.2,1494.34,895.41,598.93,3.8
2024-08-01,Europe,Spain,Monster Pacific Punch,Juice,Distributor,1307,3.18,0.1,3740.63,1920.71,1819.92,4.9
2025-12-01,Asia Pacific,Japan,Java Monster Mean Bean,Coffee,Online,636,2.65,0.05,1601.13,835.43,765.7,4.8
2024-06-01,Asia Pacific,Thailand,Monster Ultra Fiesta Mango,Ultra,Gym/Fitness,621,1.89,0.0,1173.69,590.63,583.06,4.8
2025-11-01,Latin America,Argentina,Monster Rehab Tea + Lemonade,Rehab,Supermarket,280,4.45,0.15,1059.1,636.92,422.18,3.9
2026-08-01,Latin America,Brazil,Monster Ultra Fiesta Mango,Ultra,Online,384,3.1,0.15,1011.84,639.87,371.97,4.7
2024-03-01,Europe,Germany,Monster Ultra Zero,Ultra,Online,841,1.67,0.2,1123.58,691.54,432.04,4.0
2024-04-01,Asia Pacific,India,Monster Rehab Tea + Lemonade,Rehab,Online,1383,4.5,0.15,5289.97,3201.74,2088.23,4.3
2025-05-01,Asia Pacific,South Korea,Monster Energy Zero Sugar,Zero Sugar,Gas Station,183,2.48,0.0,453.84,259.73,194.11,4.6
2024-05-01,North America,USA,Monster Ultra Paradise,Ultra,Gas Station,143,3.28,0.0,469.04,292.88,176.16,4.3
2025-09-01,Asia Pacific,South Korea,Monster Ultra Fiesta Mango,Ultra,Supermarket,1056,3.54,0.0,3738.24,2450.11,1288.13,4.8
2025-07-01,Europe,Spain,Monster Rehab Tea + Lemonade,Rehab,Distributor,899,4.09,0.0,3676.91,2126.3,1550.61,4.3
2025-12-01,Asia Pacific,Japan,Monster Khaotic,Juice,Gas Station,578,3.23,0.05,1773.59,1168.6,604.99,4.2
2024-04-01,Middle East & Africa,South Africa,Monster Khaotic,Juice,Online,195,1.51,0.0,294.45,191.21,103.24,4.8
2024-03-01,Asia Pacific,Thailand,Monster Pipeline Punch,Juice,Distributor,799,3.79,0.2,2422.57,1496.04,926.53,4.6
2024-10-01,Europe,Italy,Monster Rehab Tea + Lemonade,Rehab,Online,273,2.5,0.05,648.38,338.55,309.83,4.8
2025-07-01,Europe,Germany,Monster Energy Original Green,Original,Supermarket,1430,1.51,0.05,2051.34,1287.37,763.97,4.7
2025-03-01,Middle East & Africa,UAE,Monster Pacific Punch,Juice,Convenience Store,727,3.81,0.0,2769.87,1753.95,1015.92,4.7
2025-11-01,North America,Canada,Monster Ultra Paradise,Ultra,Gas Station,493,1.57,0.05,735.31,404.25,331.06,3.8
2025-01-01,Middle East & Africa,Saudi Arabia,Monster Ultra Zero,Ultra,Convenience Store,1226,4.11,0.0,5038.86,2496.11,2542.75,4.3
2025-04-01,Latin America,Argentina,Monster Energy Zero Sugar,Zero Sugar,Distributor,1116,3.5,0.1,3515.4,2294.43,1220.97,4.2
2026-03-01,Middle East & Africa,South Africa,Monster Ultra Fiesta Mango,Ultra,Gym/Fitness,400,3.15,0.2,1008.0,681.2,326.8,4.4
2025-07-01,North America,USA,Monster Mango Loco,Juice,Distributor,110,4.17,0.2,366.96,209.46,157.5,4.7
2025-08-01,Europe,Germany,Monster Rehab Tea + Lemonade,Rehab,Online,1091,2.41,0.2,2103.45,1246.63,856.82,3.8
2025-11-01,Europe,Spain,Monster Pipeline Punch,Juice,Supermarket,1393,1.9,0.0,2646.7,1652.45,994.25,4.0
2025-03-01,North America,Mexico,Monster Energy Original Green,Original,Convenience Store,1097,3.85,0.0,4223.45,2260.53,1962.92,4.5
2024-08-01,North America,Canada,Monster Ultra Fiesta Mango,Ultra,Online,1019,3.72,0.15,3222.08,2146.48,1075.6,4.7
2025-07-01,North America,Mexico,Monster Energy Zero Sugar,Zero Sugar,Supermarket,507,3.22,0.0,1632.54,1074.82,557.72,4.2
2024-06-01,Latin America,Chile,Monster Ultra Fiesta Mango,Ultra,Supermarket,480,3.56,0.0,1708.8,1013.19,695.61,4.8
2024-10-01,Middle East & Africa,UAE,Java Monster Mean Bean,Coffee,Supermarket,1116,2.05,0.1,2059.02,1041.7,1017.32,4.5
2026-06-01,North America,USA,Monster Ultra Paradise,Ultra,Gas Station,1058,3.4,0.15,3057.62,1497.12,1560.5,4.1
2025-06-01,Asia Pacific,South Korea,Monster Khaotic,Juice,Convenience Store,971,4.08,0.15,3367.43,1896.88,1470.55,4.7
2025-04-01,North America,USA,Monster Mango Loco,Juice,Convenience Store,1031,3.44,0.1,3191.98,1964.86,1227.12,4.4
2024-09-01,Latin America,Argentina,Monster Ultra Zero,Ultra,Distributor,1131,4.42,0.1,4499.12,2515.13,1983.99,4.6
2024-01-01,Latin America,Brazil,Monster Rehab Tea + Lemonade,Rehab,Gym/Fitness,314,2.6,0.0,816.4,526.3,290.1,4.6
2024-10-01,Middle East & Africa,UAE,Monster Mango Loco,Juice,Supermarket,947,4.35,0.05,3913.48,2264.23,1649.25,4.2
2024-12-01,Latin America,Colombia,Java Monster Mean Bean,Coffee,Gas Station,488,4.39,0.1,1928.09,1078.82,849.27,4.6
2025-04-01,North America,Canada,Monster Rehab Tea + Lemonade,Rehab,Gym/Fitness,254,3.92,0.0,995.68,514.12,481.56,4.2
2026-01-01,North America,Mexico,Monster Nitro Super Dry,Nitro,Gym/Fitness,598,2.54,0.2,1215.14,721.95,493.19,4.4
2025-01-01,Latin America,Chile,Monster Ultra Zero,Ultra,Gym/Fitness,536,3.14,0.0,1683.04,1011.89,671.15,4.0
2025-10-01,Asia Pacific,South Korea,Monster Pacific Punch,Juice,Gas Station,274,3.63,0.15,845.43,447.5,397.93,4.3
2025-11-01,Latin America,Argentina,Monster Ultra Paradise,Ultra,Online,1207,4.33,0.15,4442.36,2603.88,1838.48,4.5
2025-03-01,Latin America,Argentina,Monster Khaotic,Juice,Online,1193,2.09,0.0,2493.37,1643.67,849.7,4.7
2025-07-01,Asia Pacific,Thailand,Monster Ultra Fiesta Mango,Ultra,Gas Station,535,3.41,0.1,1641.92,999.21,642.71,4.7
2025-12-01,Latin America,Brazil,Monster Khaotic,Juice,Supermarket,765,1.69,0.0,1292.85,861.2,431.65,4.3
2024-11-01,North America,Canada,Monster Mango Loco,Juice,Distributor,94,2.56,0.0,240.64,148.22,92.42,3.8
2025-10-01,Europe,Germany,Monster Ultra Zero,Ultra,Supermarket,1069,4.09,0.1,3934.99,2595.26,1339.73,4.5
2024-11-01,Middle East & Africa,Saudi Arabia,Java Monster Mean Bean,Coffee,Gas Station,942,2.23,0.2,1680.53,843.25,837.28,4.5
2026-02-01,North America,Mexico,Monster Ultra Fiesta Mango,Ultra,Gas Station,353,3.28,0.2,926.27,559.9,366.37,4.9
2026-05-01,Asia Pacific,Thailand,Monster Energy Zero Sugar,Zero Sugar,Gym/Fitness,1376,4.38,0.15,5122.85,3435.28,1687.57,4.9
2024-08-01,Latin America,Chile,Monster Energy Original Green,Original,Distributor,1142,3.84,0.1,3946.75,2340.49,1606.26,4.6
2024-09-01,Middle East & Africa,Saudi Arabia,Monster Ultra Paradise,Ultra,Convenience Store,1259,2.19,0.05,2619.35,1281.42,1337.93,4.7
2024-08-01,Asia Pacific,Thailand,Java Monster Mean Bean,Coffee,Supermarket,968,2.71,0.1,2360.95,1446.05,914.9,3.8
2026-03-01,Europe,France,Monster Energy Original Green,Original,Distributor,680,3.78,0.0,2570.4,1560.46,1009.94,3.8
2026-03-01,Europe,UK,Monster Energy Zero Sugar,Zero Sugar,Supermarket,764,2.25,0.1,1547.1,920.17,626.93,4.2
2024-01-01,Europe,Germany,Monster Ultra Paradise,Ultra,Supermarket,1369,4.02,0.0,5503.38,2684.47,2818.91,3.7
2025-10-01,Europe,Italy,Monster Khaotic,Juice,Gas Station,812,2.79,0.05,2152.21,1275.54,876.67,4.2
2026-02-01,Asia Pacific,Japan,Monster Rehab Tea + Lemonade,Rehab,Gas Station,278,4.18,0.0,1162.04,765.22,396.82,4.2
2025-11-01,Europe,Spain,Monster Energy Zero Sugar,Zero Sugar,Distributor,707,2.11,0.0,1491.77,804.27,687.5,4.4
2026-04-01,North America,Mexico,Monster Ultra Paradise,Ultra,Gym/Fitness,350,4.14,0.0,1449.0,814.17,634.83,4.7
2026-10-01,Middle East & Africa,Saudi Arabia,Monster Ultra Paradise,Ultra,Gym/Fitness,369,4.13,0.15,1295.37,694.96,600.41,4.2
2026-07-01,Middle East & Africa,Saudi Arabia,Monster Khaotic,Juice,Convenience Store,904,3.27,0.1,2660.47,1555.05,1105.42,3.8
2024-07-01,Middle East & Africa,UAE,Monster Ultra Paradise,Ultra,Gas Station,463,1.5,0.1,625.05,420.89,204.16,4.0
2024-05-01,Middle East & Africa,South Africa,Monster Nitro Super Dry,Nitro,Distributor,385,4.19,0.15,1371.18,853.59,517.59,4.7
2025-04-01,Middle East & Africa,Saudi Arabia,Monster Ultra Fiesta Mango,Ultra,Distributor,832,2.64,0.0,2196.48,1365.91,830.57,3.9
2024-09-01,North America,Mexico,Monster Nitro Super Dry,Nitro,Online,805,2.3,0.1,1666.35,1116.19,550.16,4.5
2025-09-01,Middle East & Africa,Saudi Arabia,Monster Energy Original Green,Original,Convenience Store,1294,3.03,0.1,3528.74,2380.08,1148.66,4.2
2025-03-01,Asia Pacific,India,Monster Pipeline Punch,Juice,Supermarket,1481,3.69,0.2,4371.91,2399.83,1972.08,3.7
2026-05-01,North America,USA,Monster Mango Loco,Juice,Gas Station,341,3.5,0.15,1014.48,660.74,353.74,4.5
2024-01-01,North America,Mexico,Monster Nitro Super Dry,Nitro,Gas Station,1203,3.86,0.1,4179.22,2327.29,1851.93,3.7
2025-02-01,Europe,UK,Monster Energy Zero Sugar,Zero Sugar,Supermarket,780,1.79,0.05,1326.39,769.59,556.8,4.5
2025-07-01,Middle East & Africa,UAE,Monster Ultra Fiesta Mango,Ultra,Online,362,2.95,0.15,907.72,610.26,297.46,4.6
2024-12-01,Asia Pacific,Japan,Monster Nitro Super Dry,Nitro,Distributor,1192,1.97,0.1,2113.42,1278.63,834.79,4.1
2024-08-01,Asia Pacific,Australia,Monster Pipeline Punch,Juice,Supermarket,674,3.38,0.1,2050.31,1260.54,789.77,3.8
2024-12-01,Middle East & Africa,South Africa,Monster Ultra Fiesta Mango,Ultra,Distributor,1386,2.73,0.2,3027.02,1655.2,1371.82,4.6
2024-05-01,Asia Pacific,India,Monster Energy Zero Sugar,Zero Sugar,Gas Station,98,3.53,0.05,328.64,161.47,167.17,4.1
2026-09-01,Middle East & Africa,Saudi Arabia,Monster Pipeline Punch,Juice,Gas Station,294,2.1,0.05,586.53,373.65,212.88,4.4
2026-05-01,Europe,Germany,Monster Khaotic,Juice,Distributor,648,1.53,0.2,793.15,462.99,330.16,3.9
2024-05-01,Latin America,Argentina,Monster Khaotic,Juice,Online,1185,3.61,0.0,4277.85,2228.28,2049.57,4.3
2024-03-01,Europe,Germany,Monster Khaotic,Juice,Online,287,3.39,0.0,972.93,601.23,371.7,3.9
2026-05-01,Latin America,Chile,Monster Khaotic,Juice,Distributor,1029,3.59,0.05,3509.4,2122.24,1387.16,4.5
2026-10-01,Asia Pacific,Japan,Monster Nitro Super Dry,Nitro,Gas Station,152,3.62,0.2,440.19,238.84,201.35,4.0
2024-02-01,Middle East & Africa,UAE,Monster Ultra Zero,Ultra,Gym/Fitness,1257,2.85,0.15,3045.08,2037.0,1008.08,4.6
2025-10-01,Latin America,Argentina,Monster Khaotic,Juice,Gas Station,363,3.38,0.15,1042.9,622.18,420.72,4.0
2025-07-01,North America,Canada,Monster Ultra Paradise,Ultra,Distributor,1176,4.02,0.0,4727.52,2968.32,1759.2,4.0
2025-05-01,Europe,Germany,Java Monster Mean Bean,Coffee,Gas Station,133,2.48,0.1,296.86,186.93,109.93,4.8
2025-03-01,Latin America,Brazil,Java Monster Mean Bean,Coffee,Supermarket,152,2.82,0.05,407.21,243.47,163.74,4.4
2025-08-01,Middle East & Africa,South Africa,Monster Energy Original Green,Original,Supermarket,836,4.13,0.1,3107.41,1500.1,1607.31,4.0
2024-05-01,Asia Pacific,Australia,Monster Pacific Punch,Juice,Convenience Store,282,2.88,0.05,771.55,403.57,367.98,4.4
2026-06-01,Europe,Germany,Monster Mango Loco,Juice,Online,718,3.97,0.05,2707.94,1453.25,1254.69,4.6
2024-10-01,North America,Mexico,Monster Pacific Punch,Juice,Gym/Fitness,682,3.06,0.05,1982.57,1257.24,725.33,4.2
2024-06-01,Asia Pacific,India,Monster Pipeline Punch,Juice,Online,1472,4.1,0.0,6035.2,3977.61,2057.59,4.5
2025-09-01,Europe,Italy,Monster Nitro Super Dry,Nitro,Gas Station,442,3.41,0.2,1205.78,681.89,523.89,4.2
2025-03-01,Latin America,Argentina,Monster Energy Zero Sugar,Zero Sugar,Distributor,142,2.38,0.05,321.06,192.56,128.5,3.9
2024-07-01,Middle East & Africa,South Africa,Monster Mango Loco,Juice,Convenience Store,167,4.28,0.0,714.76,452.36,262.4,4.2
2024-01-01,Middle East & Africa,UAE,Monster Ultra Fiesta Mango,Ultra,Gas Station,793,4.33,0.0,3433.69,2253.66,1180.03,4.7
2025-07-01,Asia Pacific,South Korea,Monster Ultra Fiesta Mango,Ultra,Supermarket,1232,2.43,0.1,2694.38,1532.19,1162.19,4.4
2025-09-01,Middle East & Africa,South Africa,Monster Nitro Super Dry,Nitro,Gym/Fitness,131,4.12,0.15,458.76,248.45,210.31,4.8
2025-04-01,North America,USA,Monster Ultra Fiesta Mango,Ultra,Supermarket,908,2.68,0.05,2311.77,1492.88,818.89,4.1
2024-05-01,Europe,UK,Monster Rehab Tea + Lemonade,Rehab,Gym/Fitness,550,2.89,0.2,1271.6,722.07,549.53,4.4
2025-11-01,Middle East & Africa,Saudi Arabia,Monster Ultra Paradise,Ultra,Convenience Store,574,2.97,0.15,1449.06,743.45,705.61,3.7
2024-06-01,Latin America,Argentina,Monster Mango Loco,Juice,Online,837,1.75,0.0,1464.75,824.42,640.33,4.6
2025-02-01,Europe,Germany,Monster Rehab Tea + Lemonade,Rehab,Distributor,194,2.17,0.0,420.98,219.91,201.07,4.1
2025-07-01,Latin America,Colombia,Monster Pacific Punch,Juice,Convenience Store,442,3.17,0.0,1401.14,792.75,608.39,4.3
2024-01-01,Middle East & Africa,Saudi Arabia,Monster Energy Zero Sugar,Zero Sugar,Supermarket,220,4.11,0.0,904.2,438.02,466.18,4.8
2026-05-01,Europe,UK,Monster Pipeline Punch,Juice,Gym/Fitness,1372,2.68,0.0,3676.96,2264.2,1412.76,4.6
2024-01-01,North America,Canada,Monster Energy Original Green,Original,Online,250,1.71,0.15,363.38,204.08,159.3,4.8
2026-08-01,Europe,Spain,Monster Khaotic,Juice,Supermarket,747,3.59,0.0,2681.73,1536.66,1145.07,4.7
2024-07-01,Middle East & Africa,South Africa,Monster Ultra Zero,Ultra,Supermarket,1041,2.71,0.05,2680.05,1293.59,1386.46,4.2
2025-06-01,Asia Pacific,Australia,Monster Pacific Punch,Juice,Gas Station,613,2.94,0.0,1802.22,1132.9,669.32,4.7
2025-06-01,Europe,Italy,Monster Mango Loco,Juice,Online,414,2.19,0.15,770.66,456.09,314.57,4.1
2024-03-01,Asia Pacific,South Korea,Java Monster Mean Bean,Coffee,Convenience Store,922,3.47,0.05,3039.37,2023.79,1015.58,4.2
2024-09-01,Latin America,Chile,Monster Rehab Tea + Lemonade,Rehab,Convenience Store,396,1.81,0.0,716.76,427.33,289.43,4.2
2026-08-01,Europe,Spain,Monster Energy Original Green,Original,Supermarket,1458,3.51,0.1,4605.82,2894.53,1711.29,3.9
2026-04-01,Middle East & Africa,Saudi Arabia,Monster Energy Original Green,Original,Gym/Fitness,806,3.32,0.15,2274.53,1389.34,885.19,4.8
2025-10-01,Europe,Spain,Monster Nitro Super Dry,Nitro,Convenience Store,1372,3.64,0.05,4744.38,2453.2,2291.18,4.4
2026-06-01,Latin America,Argentina,Monster Rehab Tea + Lemonade,Rehab,Online,474,2.06,0.0,976.44,582.87,393.57,3.9
2026-02-01,Europe,UK,Monster Mango Loco,Juice,Distributor,584,2.29,0.2,1069.89,673.65,396.24,4.0
2026-08-01,Latin America,Brazil,Monster Nitro Super Dry,Nitro,Gas Station,1002,3.29,0.2,2637.26,1299.19,1338.07,4.6
2026-08-01,Latin America,Argentina,Monster Ultra Fiesta Mango,Ultra,Distributor,419,2.61,0.1,984.23,515.19,469.04,4.3
2024-06-01,Middle East & Africa,UAE,Monster Ultra Zero,Ultra,Distributor,907,1.62,0.0,1469.34,935.61,533.73,4.2
2026-05-01,Middle East & Africa,Saudi Arabia,Monster Energy Zero Sugar,Zero Sugar,Online,1361,3.74,0.0,5090.14,3030.37,2059.77,3.8
2025-08-01,Latin America,Chile,Java Monster Mean Bean,Coffee,Gym/Fitness,559,3.52,0.05,1869.3,1270.24,599.06,4.0
2025-01-01,North America,Mexico,Monster Ultra Paradise,Ultra,Gas Station,538,2.58,0.05,1318.64,740.02,578.62,3.7
2025-10-01,Europe,UK,Monster Ultra Paradise,Ultra,Gym/Fitness,286,3.03,0.0,866.58,513.6,352.98,4.4
2024-10-01,Asia Pacific,India,Monster Ultra Paradise,Ultra,Gas Station,462,3.7,0.0,1709.4,1062.36,647.04,4.2
2025-07-01,Asia Pacific,Australia,Monster Pipeline Punch,Juice,Convenience Store,619,3.08,0.05,1811.19,1039.36,771.83,4.2
2024-04-01,North America,Canada,Monster Ultra Paradise,Ultra,Distributor,1117,1.66,0.05,1761.51,1138.93,622.58,4.1
2025-06-01,Asia Pacific,Thailand,Monster Rehab Tea + Lemonade,Rehab,Online,1446,3.57,0.0,5162.22,3147.55,2014.67,4.0
2024-01-01,Latin America,Brazil,Monster Pacific Punch,Juice,Gas Station,485,2.87,0.0,1391.95,901.25,490.7,3.9
2026-09-01,Asia Pacific,Japan,Monster Rehab Tea + Lemonade,Rehab,Convenience Store,1399,3.91,0.2,4376.07,2897.14,1478.93,4.5
2026-06-01,Middle East & Africa,UAE,Monster Energy Zero Sugar,Zero Sugar,Gas Station,884,4.0,0.0,3536.0,2348.83,1187.17,4.4
2025-10-01,Latin America,Colombia,Monster Pacific Punch,Juice,Distributor,1065,1.75,0.1,1677.38,1100.69,576.69,4.8
2024-07-01,Middle East & Africa,South Africa,Monster Pacific Punch,Juice,Convenience Store,1023,2.63,0.0,2690.49,1828.05,862.44,3.7
2025-05-01,North America,Mexico,Monster Ultra Fiesta Mango,Ultra,Convenience Store,445,2.51,0.15,949.41,640.92,308.49,4.7
2026-06-01,Middle East & Africa,South Africa,Java Monster Mean Bean,Coffee,Convenience Store,1201,1.71,0.1,1848.34,949.35,898.99,4.3
2025-12-01,Europe,Spain,Monster Ultra Fiesta Mango,Ultra,Gas Station,1187,4.42,0.2,4197.23,2154.04,2043.19,3.8
2025-11-01,Asia Pacific,Thailand,Monster Pacific Punch,Juice,Gas Station,1163,3.98,0.1,4165.87,2295.66,1870.21,4.5
2026-02-01,Latin America,Chile,Monster Energy Zero Sugar,Zero Sugar,Gas Station,245,4.09,0.2,801.64,462.47,339.17,4.1
2026-08-01,Middle East & Africa,Saudi Arabia,Monster Nitro Super Dry,Nitro,Supermarket,1231,1.93,0.05,2257.04,1084.8,1172.24,3.9
2024-01-01,Europe,UK,Monster Pipeline Punch,Juice,Convenience Store,185,2.35,0.0,434.75,248.54,186.21,4.6
2024-12-01,North America,Mexico,Monster Nitro Super Dry,Nitro,Gas Station,1374,1.63,0.15,1903.68,1290.49,613.19,4.8
2026-02-01,Asia Pacific,Thailand,Monster Energy Zero Sugar,Zero Sugar,Supermarket,924,3.72,0.1,3093.55,1783.85,1309.7,4.7
2025-06-01,Latin America,Chile,Monster Khaotic,Juice,Distributor,303,1.88,0.15,484.19,318.59,165.6,4.7
2025-07-01,Middle East & Africa,UAE,Monster Rehab Tea + Lemonade,Rehab,Gym/Fitness,349,3.43,0.1,1077.36,726.19,351.17,4.8
2026-08-01,Asia Pacific,South Korea,Monster Ultra Fiesta Mango,Ultra,Distributor,1340,2.72,0.2,2915.84,1751.75,1164.09,4.4
2024-06-01,Asia Pacific,Australia,Monster Ultra Zero,Ultra,Distributor,778,2.51,0.05,1855.14,1204.03,651.11,4.7
2026-01-01,North America,Mexico,Monster Ultra Fiesta Mango,Ultra,Convenience Store,841,3.07,0.2,2065.5,1301.96,763.54,4.4
2025-08-01,Latin America,Brazil,Monster Energy Original Green,Original,Convenience Store,1011,2.87,0.15,2466.33,1230.1,1236.23,4.3
2026-03-01,Middle East & Africa,South Africa,Monster Pacific Punch,Juice,Gas Station,394,2.21,0.05,827.2,494.66,332.54,3.7
2026-01-01,Middle East & Africa,South Africa,Monster Energy Zero Sugar,Zero Sugar,Convenience Store,837,2.79,0.0,2335.23,1449.75,885.48,4.8
2026-05-01,Europe,Italy,Java Monster Mean Bean,Coffee,Supermarket,685,2.11,0.0,1445.35,841.36,603.99,4.4
2024-10-01,Latin America,Chile,Monster Ultra Fiesta Mango,Ultra,Distributor,550,3.38,0.2,1487.2,877.79,609.41,4.2
2024-01-01,Latin America,Chile,Java Monster Mean Bean,Coffee,Supermarket,1201,2.15,0.1,2323.93,1452.27,871.66,3.8
2024-08-01,Asia Pacific,South Korea,Monster Energy Original Green,Original,Supermarket,186,3.9,0.2,580.32,285.0,295.32,4.4
2026-09-01,Europe,Italy,Monster Ultra Fiesta Mango,Ultra,Gym/Fitness,503,4.29,0.2,1726.3,954.95,771.35,4.1
2024-08-01,North America,USA,Monster Ultra Zero,Ultra,Online,1474,2.54,0.0,3743.96,2045.85,1698.11,4.1
2026-04-01,Asia Pacific,India,Monster Mango Loco,Juice,Online,1250,2.08,0.1,2340.0,1520.12,819.88,4.8
2024-04-01,Europe,UK,Java Monster Mean Bean,Coffee,Gas Station,137,2.87,0.0,393.19,245.04,148.15,4.5
2025-07-01,Europe,Spain,Monster Ultra Zero,Ultra,Gas Station,875,2.28,0.0,1995.0,1353.29,641.71,4.3
2024-08-01,Europe,Spain,Monster Mango Loco,Juice,Gym/Fitness,1002,1.78,0.1,1605.2,858.12,747.08,4.1
2026-01-01,Europe,France,Monster Nitro Super Dry,Nitro,Convenience Store,999,2.91,0.0,2907.09,1921.45,985.64,4.5
2025-07-01,Asia Pacific,Thailand,Monster Ultra Zero,Ultra,Convenience Store,1386,1.67,0.05,2198.89,1148.9,1049.99,4.5
2026-10-01,Europe,Spain,Monster Rehab Tea + Lemonade,Rehab,Online,1235,2.44,0.0,3013.4,1711.65,1301.75,4.6
2025-09-01,North America,USA,Monster Ultra Paradise,Ultra,Convenience Store,525,2.96,0.1,1398.6,751.87,646.73,4.3
2025-03-01,North America,USA,Monster Pacific Punch,Juice,Gas Station,968,2.67,0.2,2067.65,1365.65,702.0,4.1
2026-03-01,Europe,Italy,Monster Rehab Tea + Lemonade,Rehab,Gas Station,818,3.2,0.05,2486.72,1397.96,1088.76,4.4
2024-08-01,Asia Pacific,Thailand,Monster Ultra Fiesta Mango,Ultra,Gym/Fitness,1340,1.73,0.15,1970.47,992.61,977.86,4.9
2024-05-01,North America,Mexico,Monster Energy Zero Sugar,Zero Sugar,Convenience Store,439,1.6,0.2,561.92,366.76,195.16,4.0
2025-01-01,Asia Pacific,Thailand,Monster Mango Loco,Juice,Convenience Store,811,4.45,0.0,3608.95,1755.23,1853.72,4.6
2026-07-01,Latin America,Brazil,Monster Rehab Tea + Lemonade,Rehab,Convenience Store,976,2.87,0.15,2380.95,1435.22,945.73,4.0
2025-09-01,North America,Canada,Monster Mango Loco,Juice,Convenience Store,690,2.55,0.2,1407.6,902.47,505.13,4.1
2025-01-01,North America,Canada,Monster Energy Original Green,Original,Gym/Fitness,575,2.95,0.2,1357.0,804.89,552.11,3.9
2025-03-01,Middle East & Africa,South Africa,Monster Energy Original Green,Original,Convenience Store,494,2.41,0.05,1131.01,546.68,584.33,4.5
2025-11-01,North America,Canada,Monster Nitro Super Dry,Nitro,Convenience Store,1108,2.44,0.2,2162.82,1107.89,1054.93,4.5
2024-04-01,North America,USA,Monster Pipeline Punch,Juice,Online,463,2.22,0.05,976.47,619.78,356.69,3.8
2025-05-01,Asia Pacific,Japan,Monster Ultra Paradise,Ultra,Convenience Store,201,4.0,0.15,683.4,387.92,295.48,4.8
2024-01-01,Asia Pacific,South Korea,Monster Mango Loco,Juice,Gas Station,905,3.11,0.15,2392.37,1181.88,1210.49,4.2
2025-04-01,Latin America,Colombia,Monster Ultra Paradise,Ultra,Online,508,2.16,0.15,932.69,580.15,352.54,3.8
2026-07-01,North America,Mexico,Monster Energy Zero Sugar,Zero Sugar,Online,662,4.3,0.05,2704.27,1503.37,1200.9,4.1
2026-06-01,Europe,Germany,Monster Energy Zero Sugar,Zero Sugar,Gym/Fitness,1300,3.84,0.1,4492.8,2555.42,1937.38,4.8
2026-06-01,Europe,Italy,Monster Rehab Tea + Lemonade,Rehab,Convenience Store,1107,3.8,0.2,3365.28,1784.39,1580.89,4.7
2026-08-01,North America,USA,Monster Nitro Super Dry,Nitro,Online,1315,2.15,0.05,2685.89,1589.73,1096.16,4.7
2025-05-01,Latin America,Chile,Monster Ultra Paradise,Ultra,Online,928,3.69,0.15,2910.67,1896.12,1014.55,4.7
2025-10-01,North America,Canada,Monster Pipeline Punch,Juice,Distributor,858,2.86,0.0,2453.88,1190.51,1263.37,4.4
2026-09-01,Europe,UK,Java Monster Mean Bean,Coffee,Gas Station,1336,2.09,0.0,2792.24,1688.05,1104.19,4.0
2025-11-01,North America,Canada,Monster Pacific Punch,Juice,Convenience Store,447,2.83,0.0,1265.01,834.39,430.62,3.8
2026-06-01,North America,USA,Monster Ultra Zero,Ultra,Gym/Fitness,195,2.51,0.0,489.45,257.82,231.63,3.7
2025-10-01,Middle East & Africa,South Africa,Monster Pipeline Punch,Juice,Online,973,4.11,0.1,3599.13,1753.45,1845.68,4.8
2024-11-01,North America,Mexico,Monster Energy Zero Sugar,Zero Sugar,Online,562,1.59,0.0,893.58,598.12,295.46,4.6
2024-12-01,Latin America,Brazil,Monster Ultra Paradise,Ultra,Distributor,1078,1.52,0.0,1638.56,876.71,761.85,4.6
2024-12-01,Middle East & Africa,Saudi Arabia,Java Monster Mean Bean,Coffee,Gym/Fitness,96,2.17,0.0,208.32,109.41,98.91,4.7
2026-02-01,Latin America,Colombia,Monster Mango Loco,Juice,Gym/Fitness,1278,4.11,0.2,4202.06,2252.09,1949.97,4.1
2026-05-01,Asia Pacific,South Korea,Monster Ultra Paradise,Ultra,Gas Station,540,3.22,0.15,1477.98,934.13,543.85,3.9
2026-01-01,Latin America,Argentina,Monster Mango Loco,Juice,Online,303,3.54,0.15,911.73,588.5,323.23,4.4
2025-11-01,Europe,Italy,Java Monster Mean Bean,Coffee,Gas Station,909,4.43,0.1,3624.18,2381.87,1242.31,4.8
2024-09-01,Asia Pacific,Japan,Monster Mango Loco,Juice,Convenience Store,661,4.13,0.0,2729.93,1387.41,1342.52,4.4
2025-06-01,Middle East & Africa,South Africa,Java Monster Mean Bean,Coffee,Supermarket,357,3.51,0.15,1065.11,722.09,343.02,3.7
2026-07-01,Latin America,Chile,Monster Nitro Super Dry,Nitro,Online,557,2.56,0.05,1354.62,806.76,547.86,4.7
2026-07-01,Middle East & Africa,Saudi Arabia,Java Monster Mean Bean,Coffee,Distributor,1241,2.78,0.1,3104.98,1903.58,1201.4,4.3
2026-07-01,Asia Pacific,India,Java Monster Mean Bean,Coffee,Supermarket,966,1.8,0.0,1738.8,1016.71,722.09,4.0
2026-09-01,Asia Pacific,South Korea,Monster Energy Original Green,Original,Gas Station,638,2.13,0.0,1358.94,867.4,491.54,4.4
2025-07-01,Europe,France,Monster Pacific Punch,Juice,Online,897,3.52,0.15,2683.82,1360.74,1323.08,3.9
2024-02-01,North America,Canada,Monster Rehab Tea + Lemonade,Rehab,Convenience Store,773,2.79,0.2,1725.34,877.64,847.7,3.7
2026-09-01,Middle East & Africa,UAE,Monster Mango Loco,Juice,Gas Station,633,2.25,0.2,1139.4,576.76,562.64,4.4
2026-03-01,North America,Canada,Monster Nitro Super Dry,Nitro,Supermarket,1425,2.73,0.0,3890.25,2229.38,1660.87,3.7
2026-10-01,Latin America,Chile,Monster Rehab Tea + Lemonade,Rehab,Convenience Store,657,2.78,0.1,1643.81,1027.14,616.67,4.3
2026-07-01,North America,Canada,Monster Energy Zero Sugar,Zero Sugar,Gym/Fitness,1388,3.92,0.15,4624.82,2753.51,1871.31,4.4
2024-10-01,Middle East & Africa,Saudi Arabia,Monster Pacific Punch,Juice,Gym/Fitness,753,4.25,0.1,2880.22,1469.31,1410.91,4.7
2025-10-01,Middle East & Africa,UAE,Monster Energy Original Green,Original,Gym/Fitness,1020,3.54,0.0,3610.8,2152.9,1457.9,4.0
2025-04-01,Asia Pacific,Thailand,Monster Ultra Paradise,Ultra,Gas Station,740,3.4,0.2,2012.8,1144.22,868.58,3.8
2025-04-01,North America,USA,Monster Pipeline Punch,Juice,Supermarket,1245,1.88,0.2,1872.48,949.19,923.29,3.8
2026-10-01,Middle East & Africa,UAE,Java Monster Mean Bean,Coffee,Gym/Fitness,451,3.43,0.05,1469.58,793.22,676.36,4.8
2026-07-01,Asia Pacific,India,Monster Rehab Tea + Lemonade,Rehab,Online,162,1.94,0.2,251.42,147.85,103.57,4.7
2025-08-01,Asia Pacific,Thailand,Monster Khaotic,Juice,Online,405,3.94,0.2,1276.56,782.85,493.71,4.9
2026-01-01,North America,Mexico,Java Monster Mean Bean,Coffee,Gas Station,645,2.83,0.15,1551.55,771.94,779.61,3.8
2024-03-01,North America,Mexico,Monster Nitro Super Dry,Nitro,Gym/Fitness,1214,2.45,0.0,2974.3,1827.71,1146.59,4.5
2026-09-01,Asia Pacific,South Korea,Monster Ultra Zero,Ultra,Gas Station,788,3.24,0.1,2297.81,1366.11,931.7,4.0
2025-07-01,Asia Pacific,Thailand,Java Monster Mean Bean,Coffee,Gym/Fitness,732,3.52,0.0,2576.64,1383.42,1193.22,4.2
2025-10-01,Asia Pacific,Japan,Monster Pacific Punch,Juice,Gas Station,1303,4.39,0.05,5434.16,3128.44,2305.72,4.4
2024-09-01,Latin America,Colombia,Monster Ultra Zero,Ultra,Online,831,1.82,0.1,1361.18,782.45,578.73,3.8
2026-02-01,Europe,France,Java Monster Mean Bean,Coffee,Distributor,885,3.07,0.05,2581.1,1594.76,986.34,4.0
2026-04-01,North America,Mexico,Monster Pacific Punch,Juice,Gym/Fitness,407,3.25,0.2,1058.2,697.06,361.14,3.8
2024-04-01,North America,Canada,Monster Mango Loco,Juice,Supermarket,731,2.58,0.15,1603.08,939.31,663.77,4.6
2025-01-01,North America,USA,Monster Mango Loco,Juice,Convenience Store,195,3.53,0.05,653.93,435.6,218.33,4.5
2024-11-01,Latin America,Argentina,Monster Khaotic,Juice,Convenience Store,1318,3.87,0.0,5100.66,3044.63,2056.03,4.9
2026-01-01,Middle East & Africa,South Africa,Monster Energy Original Green,Original,Distributor,1267,2.0,0.05,2407.3,1472.35,934.95,4.9
2026-06-01,Latin America,Brazil,Monster Pacific Punch,Juice,Distributor,1320,2.74,0.0,3616.8,2180.19,1436.61,4.4
2025-11-01,North America,Canada,Monster Pipeline Punch,Juice,Gym/Fitness,1381,1.91,0.0,2637.71,1345.99,1291.72,4.3
2026-03-01,Latin America,Brazil,Monster Energy Original Green,Original,Convenience Store,1028,3.53,0.1,3265.96,2047.34,1218.62,4.0
2024-04-01,North America,Mexico,Monster Energy Zero Sugar,Zero Sugar,Gas Station,536,1.8,0.15,820.08,435.34,384.74,4.1
2026-03-01,North America,Canada,Monster Rehab Tea + Lemonade,Rehab,Gas Station,587,4.14,0.05,2308.67,1178.09,1130.58,4.2
2025-05-01,Europe,UK,Monster Ultra Paradise,Ultra,Gas Station,621,1.74,0.05,1026.51,655.2,371.31,4.8
2025-06-01,Europe,Italy,Monster Pipeline Punch,Juice,Distributor,332,1.87,0.0,620.84,420.65,200.19,4.1
2024-06-01,Latin America,Colombia,Monster Pacific Punch,Juice,Supermarket,677,2.91,0.0,1970.07,1174.42,795.65,4.8
2026-09-01,Europe,Italy,Monster Rehab Tea + Lemonade,Rehab,Gym/Fitness,941,1.57,0.0,1477.37,967.34,510.03,3.7
2026-09-01,Asia Pacific,Thailand,Monster Energy Zero Sugar,Zero Sugar,Distributor,251,1.66,0.05,395.83,204.98,190.85,4.3
2026-09-01,Latin America,Chile,Monster Nitro Super Dry,Nitro,Distributor,659,2.1,0.1,1245.51,685.8,559.71,4.7
2024-02-01,Latin America,Chile,Monster Mango Loco,Juice,Distributor,1128,2.84,0.15,2722.99,1532.58,1190.41,4.8
2026-04-01,Latin America,Chile,Monster Pipeline Punch,Juice,Gym/Fitness,512,3.21,0.15,1396.99,899.55,497.44,4.7
2026-08-01,Asia Pacific,Australia,Java Monster Mean Bean,Coffee,Convenience Store,969,1.74,0.15,1433.15,691.45,741.7,3.9
2026-04-01,Middle East & Africa,South Africa,Monster Ultra Zero,Ultra,Convenience Store,1499,2.69,0.15,3427.46,2298.05,1129.41,4.8
2025-08-01,Latin America,Chile,Monster Ultra Fiesta Mango,Ultra,Distributor,530,1.71,0.15,770.35,523.0,247.35,3.9
2025-01-01,Middle East & Africa,UAE,Monster Pipeline Punch,Juice,Gym/Fitness,94,3.83,0.0,360.02,186.15,173.87,4.3
2024-01-01,Europe,France,Monster Pacific Punch,Juice,Convenience Store,1031,2.85,0.0,2938.35,1510.25,1428.1,3.9
2025-02-01,North America,USA,Monster Pipeline Punch,Juice,Gym/Fitness,250,3.57,0.15,758.62,508.12,250.5,3.9
2025-02-01,Latin America,Argentina,Java Monster Mean Bean,Coffee,Supermarket,1422,3.51,0.05,4741.66,2590.03,2151.63,4.6
2026-08-01,Latin America,Colombia,Monster Energy Original Green,Original,Distributor,1171,2.03,0.0,2377.13,1160.72,1216.41,4.9
2025-04-01,Middle East & Africa,UAE,Monster Ultra Fiesta Mango,Ultra,Convenience Store,227,2.04,0.0,463.08,285.03,178.05,4.4
2024-12-01,Middle East & Africa,Saudi Arabia,Monster Khaotic,Juice,Gym/Fitness,1250,4.48,0.15,4760.0,2939.11,1820.89,4.9
2025-12-01,North America,USA,Monster Ultra Zero,Ultra,Gas Station,1018,4.43,0.2,3607.79,1872.28,1735.51,4.7
2026-04-01,Latin America,Chile,Monster Energy Original Green,Original,Convenience Store,994,3.07,0.1,2746.42,1794.19,952.23,3.8
2026-10-01,Asia Pacific,Thailand,Monster Pipeline Punch,Juice,Distributor,1099,4.49,0.1,4441.06,2731.66,1709.4,4.2
2024-08-01,Latin America,Chile,Monster Pipeline Punch,Juice,Online,293,4.14,0.15,1031.07,699.38,331.69,3.9
2025-11-01,Asia Pacific,Japan,Monster Pipeline Punch,Juice,Gym/Fitness,1455,2.57,0.05,3552.38,1953.71,1598.67,4.0
2025-11-01,Asia Pacific,Thailand,Monster Rehab Tea + Lemonade,Rehab,Gas Station,1191,3.73,0.05,4220.31,2325.25,1895.06,4.6
2026-03-01,Asia Pacific,India,Monster Ultra Fiesta Mango,Ultra,Gym/Fitness,188,2.74,0.15,437.85,274.53,163.32,4.4
2025-11-01,Latin America,Brazil,Monster Mango Loco,Juice,Convenience Store,708,1.68,0.1,1070.5,623.82,446.68,4.0
2024-06-01,Asia Pacific,India,Monster Mango Loco,Juice,Gym/Fitness,981,1.57,0.2,1232.14,617.22,614.92,3.9
2026-09-01,Asia Pacific,Australia,Monster Energy Original Green,Original,Gym/Fitness,972,1.88,0.05,1735.99,1144.56,591.43,3.9
2026-10-01,North America,Canada,Monster Ultra Zero,Ultra,Online,802,3.33,0.2,2136.53,1415.68,720.85,4.4
2026-09-01,Europe,Spain,Monster Pacific Punch,Juice,Supermarket,424,3.17,0.2,1075.26,642.93,432.33,3.8
2026-07-01,Europe,Germany,Monster Khaotic,Juice,Gas Station,835,3.24,0.1,2434.86,1344.23,1090.63,4.4
2024-09-01,Middle East & Africa,UAE,Monster Nitro Super Dry,Nitro,Gym/Fitness,1491,2.3,0.05,3257.83,1926.94,1330.89,4.5
2025-08-01,Europe,Germany,Monster Ultra Paradise,Ultra,Distributor,1017,3.71,0.15,3207.11,1723.64,1483.47,4.8
2024-09-01,Middle East & Africa,South Africa,Monster Ultra Zero,Ultra,Gym/Fitness,564,1.91,0.15,915.65,477.87,437.78,4.2
2024-10-01,Latin America,Colombia,Monster Khaotic,Juice,Gym/Fitness,387,3.04,0.2,941.18,529.07,412.11,4.0
2025-11-01,Middle East & Africa,Saudi Arabia,Monster Nitro Super Dry,Nitro,Supermarket,258,4.16,0.0,1073.28,547.78,525.5,4.1
2024-02-01,North America,USA,Monster Nitro Super Dry,Nitro,Online,950,3.4,0.2,2584.0,1429.97,1154.03,3.9
2025-08-01,Middle East & Africa,South Africa,Monster Mango Loco,Juice,Gas Station,1035,2.31,0.2,1912.68,1217.76,694.92,4.8
2025-03-01,North America,Mexico,Monster Ultra Zero,Ultra,Online,262,1.93,0.05,480.38,322.46,157.92,4.2
2026-01-01,Asia Pacific,Australia,Monster Rehab Tea + Lemonade,Rehab,Convenience Store,674,4.13,0.15,2366.08,1542.07,824.01,4.7
2026-01-01,Europe,Italy,Monster Khaotic,Juice,Gas Station,765,3.44,0.0,2631.6,1391.36,1240.24,4.1
2024-03-01,Asia Pacific,Thailand,Monster Ultra Zero,Ultra,Distributor,767,2.49,0.2,1527.86,1021.7,506.16,4.7
2024-07-01,North America,USA,Monster Energy Original Green,Original,Distributor,748,3.73,0.2,2232.03,1184.01,1048.02,4.7
2024-07-01,Asia Pacific,India,Java Monster Mean Bean,Coffee,Convenience Store,543,4.05,0.1,1979.24,1027.04,952.2,4.7
2026-09-01,Europe,Spain,Monster Ultra Fiesta Mango,Ultra,Distributor,462,2.93,0.15,1150.61,778.1,372.51,4.8
2025-02-01,Middle East & Africa,UAE,Monster Energy Original Green,Original,Distributor,971,3.68,0.0,3573.28,2006.6,1566.68,4.8
2026-03-01,Europe,Spain,Monster Pipeline Punch,Juice,Gym/Fitness,466,3.39,0.15,1342.78,724.64,618.14,4.6
2026-08-01,Latin America,Brazil,Monster Energy Original Green,Original,Convenience Store,625,2.61,0.1,1468.12,859.6,608.52,3.9
2024-07-01,Middle East & Africa,South Africa,Monster Khaotic,Juice,Distributor,629,1.69,0.05,1009.86,535.22,474.64,3.8
2026-01-01,Middle East & Africa,UAE,Monster Ultra Fiesta Mango,Ultra,Supermarket,1125,2.09,0.0,2351.25,1433.67,917.58,4.2
2025-04-01,Europe,Germany,Monster Ultra Paradise,Ultra,Gym/Fitness,676,3.48,0.2,1881.98,1127.7,754.28,4.9
2024-05-01,Latin America,Colombia,Monster Ultra Zero,Ultra,Online,1268,2.11,0.15,2274.16,1483.7,790.46,3.8
2025-10-01,Europe,Italy,Monster Mango Loco,Juice,Supermarket,330,1.7,0.0,561.0,350.38,210.62,4.0
2025-12-01,Latin America,Colombia,Monster Energy Zero Sugar,Zero Sugar,Gas Station,1386,2.62,0.0,3631.32,2265.01,1366.31,3.8
2024-06-01,Europe,Germany,Monster Nitro Super Dry,Nitro,Supermarket,551,1.62,0.15,758.73,376.51,382.22,4.2
2025-05-01,Europe,France,Monster Nitro Super Dry,Nitro,Distributor,945,2.88,0.05,2585.52,1658.9,926.62,4.1
2025-10-01,Europe,UK,Monster Ultra Paradise,Ultra,Distributor,573,2.7,0.0,1547.1,772.74,774.36,4.5
2024-09-01,Asia Pacific,South Korea,Monster Nitro Super Dry,Nitro,Supermarket,770,1.55,0.1,1074.15,693.37,380.78,3.7
2025-12-01,Asia Pacific,India,Monster Pipeline Punch,Juice,Gym/Fitness,690,2.59,0.15,1519.03,995.24,523.79,4.8
2026-10-01,North America,Mexico,Monster Energy Zero Sugar,Zero Sugar,Distributor,201,2.39,0.2,384.31,236.28,148.03,4.7
2024-03-01,Asia Pacific,India,Monster Rehab Tea + Lemonade,Rehab,Supermarket,1217,2.07,0.1,2267.27,1480.37,786.9,3.8
2024-01-01,Asia Pacific,Thailand,Monster Ultra Fiesta Mango,Ultra,Supermarket,571,2.82,0.2,1288.18,621.73,666.45,4.3
2024-10-01,Asia Pacific,India,Monster Khaotic,Juice,Distributor,614,4.44,0.15,2317.24,1243.98,1073.26,4.0
2024-04-01,Asia Pacific,Australia,Monster Nitro Super Dry,Nitro,Supermarket,513,2.43,0.15,1059.6,684.46,375.14,4.5
2025-08-01,North America,Canada,Monster Ultra Fiesta Mango,Ultra,Convenience Store,1161,1.76,0.0,2043.36,1070.93,972.43,3.9
2025-01-01,Latin America,Chile,Monster Nitro Super Dry,Nitro,Gym/Fitness,1200,1.63,0.15,1662.6,1081.66,580.94,3.8
2024-02-01,Europe,UK,Monster Pipeline Punch,Juice,Online,885,2.64,0.2,1869.12,1075.92,793.2,4.6
2025-11-01,Middle East & Africa,Saudi Arabia,Monster Energy Original Green,Original,Online,248,3.09,0.05,728.0,469.7,258.3,4.5
2024-07-01,North America,USA,Monster Ultra Paradise,Ultra,Distributor,597,2.57,0.0,1534.29,919.49,614.8,4.7
2025-05-01,North America,Canada,Monster Ultra Zero,Ultra,Supermarket,1294,3.47,0.05,4265.67,2595.91,1669.76,4.4
2026-08-01,Asia Pacific,South Korea,Monster Energy Original Green,Original,Gym/Fitness,266,3.9,0.0,1037.4,576.43,460.97,4.3
2025-03-01,North America,Mexico,Monster Rehab Tea + Lemonade,Rehab,Online,526,3.23,0.05,1614.03,792.73,821.3,4.4
2025-12-01,North America,USA,Monster Pacific Punch,Juice,Gas Station,308,4.05,0.0,1247.4,660.01,587.39,4.7
2025-05-01,North America,USA,Monster Energy Zero Sugar,Zero Sugar,Gym/Fitness,447,3.24,0.0,1448.28,909.97,538.31,4.4
2025-12-01,Europe,Italy,Monster Energy Original Green,Original,Supermarket,353,3.69,0.1,1172.31,777.59,394.72,4.1
2025-02-01,North America,USA,Monster Ultra Paradise,Ultra,Online,1441,3.01,0.05,4120.54,2022.78,2097.76,4.1
2025-03-01,Latin America,Brazil,Monster Pipeline Punch,Juice,Gas Station,610,1.76,0.0,1073.6,606.32,467.28,4.1
2025-06-01,Middle East & Africa,South Africa,Monster Energy Zero Sugar,Zero Sugar,Online,889,3.16,0.1,2528.32,1599.0,929.32,4.7
2026-02-01,Asia Pacific,South Korea,Monster Ultra Paradise,Ultra,Supermarket,1149,3.72,0.15,3633.14,2285.12,1348.02,4.2
2024-10-01,Europe,Italy,Monster Pipeline Punch,Juice,Online,939,3.36,0.1,2839.54,1468.85,1370.69,4.6
2026-02-01,Europe,UK,Monster Nitro Super Dry,Nitro,Online,1224,2.95,0.05,3430.26,2310.12,1120.14,4.6
2024-02-01,Latin America,Argentina,Monster Energy Original Green,Original,Convenience Store,1243,4.39,0.0,5456.77,3391.14,2065.63,4.0
2026-02-01,Middle East & Africa,Saudi Arabia,Monster Nitro Super Dry,Nitro,Gas Station,166,2.23,0.0,370.18,239.81,130.37,4.4
2025-08-01,Asia Pacific,Japan,Monster Pipeline Punch,Juice,Gas Station,1371,3.6,0.1,4442.04,2503.79,1938.25,4.1
2024-06-01,Middle East & Africa,Saudi Arabia,Monster Energy Zero Sugar,Zero Sugar,Online,603,4.03,0.2,1944.07,1165.4,778.67,4.2
2024-06-01,Latin America,Chile,Monster Ultra Fiesta Mango,Ultra,Online,698,1.75,0.05,1160.42,714.91,445.51,4.0
2024-05-01,Middle East & Africa,UAE,Monster Khaotic,Juice,Gym/Fitness,1374,1.92,0.2,2110.46,1102.4,1008.06,3.7
2024-11-01,Europe,Italy,Monster Ultra Zero,Ultra,Distributor,710,4.36,0.2,2476.48,1533.53,942.95,3.9
2026-10-01,North America,Canada,Monster Nitro Super Dry,Nitro,Convenience Store,1042,2.41,0.05,2385.66,1375.23,1010.43,3.8
2025-01-01,Europe,Germany,Monster Ultra Fiesta Mango,Ultra,Supermarket,293,4.2,0.0,1230.6,769.77,460.83,4.8
2024-10-01,Europe,Italy,Monster Ultra Zero,Ultra,Online,1370,3.37,0.1,4155.21,2401.53,1753.68,4.3
2024-10-01,Middle East & Africa,UAE,Monster Nitro Super Dry,Nitro,Gas Station,539,3.02,0.2,1302.22,820.39,481.83,4.7
2026-06-01,Latin America,Colombia,Monster Pipeline Punch,Juice,Gas Station,214,2.36,0.0,505.04,316.88,188.16,3.7
2025-10-01,Latin America,Argentina,Monster Pipeline Punch,Juice,Convenience Store,457,1.65,0.05,716.35,449.96,266.39,4.3
2024-08-01,Middle East & Africa,Saudi Arabia,Monster Ultra Fiesta Mango,Ultra,Supermarket,136,2.21,0.0,300.56,170.07,130.49,3.8
2026-08-01,Latin America,Colombia,Monster Nitro Super Dry,Nitro,Convenience Store,362,2.27,0.0,821.74,520.78,300.96,3.8
2026-01-01,Asia Pacific,Australia,Monster Khaotic,Juice,Supermarket,259,2.77,0.15,609.82,380.41,229.41,4.4
2025-09-01,Europe,Germany,Monster Energy Original Green,Original,Convenience Store,308,1.62,0.05,474.01,309.13,164.88,4.1
2025-12-01,Middle East & Africa,Saudi Arabia,Monster Rehab Tea + Lemonade,Rehab,Convenience Store,388,1.8,0.1,628.56,426.57,201.99,4.7
2026-09-01,Middle East & Africa,UAE,Monster Ultra Paradise,Ultra,Online,1145,3.39,0.15,3299.32,1775.06,1524.26,3.9
2025-04-01,North America,Canada,Monster Ultra Fiesta Mango,Ultra,Distributor,1096,2.96,0.0,3244.16,1912.32,1331.84,3.9
2025-01-01,Asia Pacific,Thailand,Monster Ultra Zero,Ultra,Online,169,3.05,0.0,515.45,300.48,214.97,3.8
2026-04-01,Europe,Italy,Monster Ultra Fiesta Mango,Ultra,Gas Station,1061,3.58,0.15,3228.62,1804.21,1424.41,4.7
2025-04-01,Latin America,Brazil,Monster Ultra Fiesta Mango,Ultra,Convenience Store,1433,3.66,0.0,5244.78,2655.21,2589.57,4.1
2024-07-01,Latin America,Colombia,Monster Ultra Zero,Ultra,Online,334,3.38,0.1,1016.03,641.41,374.62,4.3
2026-02-01,Middle East & Africa,UAE,Monster Pipeline Punch,Juice,Gym/Fitness,1324,2.85,0.15,3207.39,1634.46,1572.93,4.9
2025-11-01,Asia Pacific,Thailand,Monster Ultra Paradise,Ultra,Convenience Store,695,3.2,0.15,1890.4,1027.59,862.81,3.7
2026-09-01,Latin America,Brazil,Monster Rehab Tea + Lemonade,Rehab,Distributor,1029,3.4,0.1,3148.74,2033.81,1114.93,3.9
2026-10-01,Middle East & Africa,South Africa,Monster Nitro Super Dry,Nitro,Gym/Fitness,1468,3.53,0.2,4145.63,2072.18,2073.45,4.2
2026-09-01,North America,USA,Monster Ultra Zero,Ultra,Convenience Store,456,2.21,0.15,856.6,479.55,377.05,4.0
2024-12-01,Latin America,Chile,Monster Energy Zero Sugar,Zero Sugar,Gym/Fitness,927,3.65,0.0,3383.55,1898.27,1485.28,4.0
2024-03-01,North America,USA,Monster Ultra Fiesta Mango,Ultra,Supermarket,737,3.72,0.2,2193.31,1148.76,1044.55,4.1
2025-02-01,Latin America,Brazil,Monster Khaotic,Juice,Gym/Fitness,1358,2.83,0.1,3458.83,1818.19,1640.64,3.8
2026-10-01,Europe,UK,Monster Pipeline Punch,Juice,Convenience Store,943,2.56,0.05,2293.38,1127.15,1166.23,4.4
2026-02-01,North America,Canada,Monster Mango Loco,Juice,Convenience Store,998,2.76,0.0,2754.48,1477.68,1276.8,4.4
2025-12-01,Asia Pacific,Japan,Monster Energy Zero Sugar,Zero Sugar,Gas Station,768,3.65,0.0,2803.2,1792.82,1010.38,4.7
2025-04-01,Latin America,Argentina,Monster Ultra Paradise,Ultra,Gas Station,786,3.59,0.2,2257.39,1473.46,783.93,4.9
2024-12-01,Middle East & Africa,South Africa,Monster Rehab Tea + Lemonade,Rehab,Supermarket,1349,3.17,0.1,3848.7,2087.06,1761.64,4.2
2025-01-01,Asia Pacific,Thailand,Monster Energy Zero Sugar,Zero Sugar,Gas Station,285,1.89,0.1,484.78,302.05,182.73,4.9
2024-07-01,North America,USA,Monster Ultra Paradise,Ultra,Gym/Fitness,625,3.96,0.0,2475.0,1414.08,1060.92,4.1
2024-10-01,Europe,France,Monster Rehab Tea + Lemonade,Rehab,Gym/Fitness,1231,1.65,0.0,2031.15,1267.62,763.53,4.0
2026-06-01,Middle East & Africa,UAE,Monster Khaotic,Juice,Distributor,1248,3.82,0.0,4767.36,2468.34,2299.02,4.2
2025-07-01,Latin America,Argentina,Monster Energy Original Green,Original,Gas Station,1095,4.18,0.15,3890.53,2483.71,1406.82,4.9
2024-10-01,North America,USA,Monster Pipeline Punch,Juice,Distributor,298,3.35,0.2,798.64,464.64,334.0,4.2
2026-01-01,Latin America,Brazil,Monster Pacific Punch,Juice,Gym/Fitness,1160,2.34,0.0,2714.4,1845.14,869.26,3.8
2024-03-01,North America,Mexico,Monster Mango Loco,Juice,Distributor,134,1.72,0.1,207.43,103.17,104.26,4.1
2025-01-01,North America,Mexico,Monster Khaotic,Juice,Convenience Store,928,3.38,0.05,2979.81,1995.5,984.31,3.8
2025-08-01,North America,USA,Java Monster Mean Bean,Coffee,Convenience Store,1022,3.1,0.2,2534.56,1567.83,966.73,4.6
2024-07-01,North America,Mexico,Monster Ultra Paradise,Ultra,Gas Station,503,2.01,0.2,808.82,409.14,399.68,3.8
2025-12-01,Middle East & Africa,UAE,Monster Ultra Paradise,Ultra,Gas Station,386,1.81,0.15,593.86,346.24,247.62,4.9
2025-06-01,North America,Canada,Monster Pacific Punch,Juice,Gas Station,1382,2.65,0.1,3296.07,1740.09,1555.98,3.7
2025-10-01,Asia Pacific,Japan,Monster Rehab Tea + Lemonade,Rehab,Online,1424,2.06,0.15,2493.42,1448.43,1044.99,4.0
2026-08-01,Latin America,Argentina,Monster Energy Zero Sugar,Zero Sugar,Gas Station,1130,3.62,0.05,3886.07,1973.7,1912.37,4.4
2024-08-01,Europe,Spain,Monster Energy Zero Sugar,Zero Sugar,Online,1141,2.29,0.0,2612.89,1707.29,905.6,4.0
2025-06-01,Middle East & Africa,Saudi Arabia,Monster Rehab Tea + Lemonade,Rehab,Convenience Store,237,4.19,0.1,893.73,486.72,407.01,4.8
2025-02-01,Latin America,Brazil,Monster Mango Loco,Juice,Gas Station,1414,1.65,0.0,2333.1,1284.83,1048.27,4.1
2024-05-01,Latin America,Argentina,Monster Nitro Super Dry,Nitro,Gas Station,1461,3.79,0.0,5537.19,3520.95,2016.24,4.3
2025-05-01,Latin America,Chile,Monster Khaotic,Juice,Convenience Store,1355,2.64,0.0,3577.2,1762.91,1814.29,4.4
2026-10-01,Latin America,Chile,Monster Mango Loco,Juice,Online,1460,2.88,0.05,3994.56,2666.63,1327.93,4.5
2024-03-01,Middle East & Africa,UAE,Monster Energy Original Green,Original,Gas Station,1372,3.13,0.1,3864.92,1924.39,1940.53,4.6
2024-06-01,Asia Pacific,Thailand,Monster Nitro Super Dry,Nitro,Online,796,2.6,0.2,1655.68,1118.07,537.61,4.8
2024-04-01,North America,USA,Monster Pacific Punch,Juice,Distributor,767,2.45,0.1,1691.24,958.0,733.24,3.8
2025-02-01,Middle East & Africa,South Africa,Monster Mango Loco,Juice,Convenience Store,1344,1.68,0.0,2257.92,1532.2,725.72,4.6
2026-04-01,Asia Pacific,Japan,Monster Nitro Super Dry,Nitro,Gym/Fitness,613,2.41,0.05,1403.46,756.16,647.3,4.2
2025-08-01,Middle East & Africa,UAE,Monster Khaotic,Juice,Distributor,772,3.21,0.15,2106.4,1396.58,709.82,3.9
2025-04-01,Middle East & Africa,South Africa,Monster Ultra Zero,Ultra,Convenience Store,596,3.05,0.2,1454.24,956.6,497.64,4.4
2026-10-01,Asia Pacific,Japan,Monster Pipeline Punch,Juice,Supermarket,1169,4.29,0.1,4513.51,2457.89,2055.62,4.0
2024-12-01,North America,USA,Java Monster Mean Bean,Coffee,Distributor,405,3.62,0.05,1392.8,841.56,551.24,4.1
2025-08-01,North America,Mexico,Monster Rehab Tea + Lemonade,Rehab,Convenience Store,448,4.0,0.15,1523.2,964.12,559.08,4.0
2024-05-01,Europe,Italy,Monster Ultra Fiesta Mango,Ultra,Supermarket,558,2.39,0.0,1333.62,755.37,578.25,4.9
2025-04-01,Asia Pacific,Australia,Monster Rehab Tea + Lemonade,Rehab,Gas Station,593,3.08,0.0,1826.44,974.28,852.16,4.8
2025-08-01,Middle East & Africa,South Africa,Monster Nitro Super Dry,Nitro,Gym/Fitness,572,1.65,0.0,943.8,622.8,321.0,3.9
2025-11-01,Latin America,Argentina,Monster Ultra Fiesta Mango,Ultra,Gym/Fitness,303,3.63,0.05,1044.9,655.34,389.56,4.0
2024-04-01,Asia Pacific,Thailand,Monster Ultra Paradise,Ultra,Distributor,176,4.49,0.05,750.73,469.26,281.47,4.7
2024-02-01,Asia Pacific,South Korea,Java Monster Mean Bean,Coffee,Gas Station,1214,3.44,0.0,4176.16,2434.06,1742.1,4.3
2024-01-01,North America,Mexico,Monster Mango Loco,Juice,Gym/Fitness,675,1.62,0.05,1038.83,518.8,520.03,3.8
2024-10-01,Middle East & Africa,UAE,Monster Energy Zero Sugar,Zero Sugar,Gym/Fitness,1291,3.85,0.0,4970.35,2659.31,2311.04,4.2
2024-06-01,North America,Mexico,Monster Nitro Super Dry,Nitro,Gas Station,1492,2.57,0.15,3259.27,2053.04,1206.23,4.5
2026-02-01,Middle East & Africa,Saudi Arabia,Java Monster Mean Bean,Coffee,Gym/Fitness,735,1.62,0.15,1012.1,514.08,498.02,4.6
2025-04-01,Asia Pacific,Thailand,Monster Energy Zero Sugar,Zero Sugar,Distributor,517,3.71,0.0,1918.07,1014.53,903.54,4.2
2026-01-01,Asia Pacific,India,Monster Ultra Fiesta Mango,Ultra,Gym/Fitness,1302,2.08,0.15,2301.94,1221.99,1079.95,4.5
2025-08-01,Europe,Germany,Monster Khaotic,Juice,Gas Station,684,3.14,0.2,1718.21,1084.76,633.45,4.4
2025-08-01,Middle East & Africa,Saudi Arabia,Monster Ultra Fiesta Mango,Ultra,Gas Station,1445,4.34,0.0,6271.3,4064.24,2207.06,3.7
2026-07-01,Middle East & Africa,UAE,Monster Khaotic,Juice,Online,1176,2.35,0.05,2625.42,1404.19,1221.23,3.7
2026-04-01,Latin America,Colombia,Monster Pipeline Punch,Juice,Distributor,1324,3.53,0.0,4673.72,2572.87,2100.85,3.9
2024-02-01,North America,USA,Monster Ultra Fiesta Mango,Ultra,Gym/Fitness,1002,4.39,0.0,4398.78,2562.58,1836.2,4.1
2024-03-01,Middle East & Africa,Saudi Arabia,Monster Mango Loco,Juice,Distributor,644,3.84,0.0,2472.96,1513.64,959.32,4.7
2025-08-01,Latin America,Brazil,Monster Energy Original Green,Original,Online,1312,2.8,0.15,3122.56,1519.7,1602.86,4.4
2024-11-01,Latin America,Brazil,Monster Nitro Super Dry,Nitro,Online,924,2.14,0.0,1977.36,1249.29,728.07,4.3
2025-05-01,Asia Pacific,India,Monster Energy Zero Sugar,Zero Sugar,Gym/Fitness,784,3.76,0.05,2800.45,1854.81,945.64,4.8
2024-10-01,Asia Pacific,Australia,Monster Energy Zero Sugar,Zero Sugar,Online,1206,4.22,0.0,5089.32,3017.55,2071.77,4.0
2024-12-01,North America,Canada,Monster Energy Original Green,Original,Gas Station,255,3.47,0.0,884.85,533.33,351.52,4.0
2026-08-01,Latin America,Brazil,Monster Energy Original Green,Original,Supermarket,1291,2.06,0.2,2127.57,1060.81,1066.76,3.9
2025-04-01,Europe,France,Monster Energy Original Green,Original,Gym/Fitness,1428,1.92,0.2,2193.41,1251.28,942.13,4.6
2024-04-01,Latin America,Colombia,Monster Ultra Fiesta Mango,Ultra,Gas Station,513,1.87,0.0,959.31,563.55,395.76,4.5
2026-05-01,Europe,Italy,Monster Energy Original Green,Original,Gym/Fitness,1439,3.03,0.05,4142.16,2677.82,1464.34,4.9
2024-02-01,Latin America,Colombia,Java Monster Mean Bean,Coffee,Online,1202,2.18,0.0,2620.36,1385.44,1234.92,4.7
2025-07-01,Asia Pacific,Thailand,Monster Energy Zero Sugar,Zero Sugar,Supermarket,1491,3.39,0.2,4043.59,2294.95,1748.64,4.1
2026-08-01,Europe,France,Monster Energy Original Green,Original,Convenience Store,1172,4.12,0.0,4828.64,2920.47,1908.17,4.3
2024-09-01,North America,USA,Monster Energy Zero Sugar,Zero Sugar,Gym/Fitness,541,2.55,0.2,1103.64,688.54,415.1,3.7
2024-04-01,Europe,Germany,Monster Khaotic,Juice,Distributor,1275,4.19,0.05,5075.14,3098.15,1976.99,4.2
2025-06-01,Europe,Spain,Monster Nitro Super Dry,Nitro,Supermarket,191,4.5,0.2,687.6,340.61,346.99,4.2
2026-04-01,Latin America,Brazil,Monster Pacific Punch,Juice,Supermarket,891,3.81,0.15,2885.5,1463.38,1422.12,4.9
2026-08-01,North America,Canada,Monster Ultra Zero,Ultra,Distributor,621,2.14,0.15,1129.6,726.55,403.05,4.2
2024-09-01,Europe,Germany,Monster Ultra Zero,Ultra,Supermarket,509,3.04,0.05,1469.99,754.56,715.43,4.9
2024-02-01,Middle East & Africa,Saudi Arabia,Monster Khaotic,Juice,Gym/Fitness,251,1.86,0.1,420.17,267.77,152.4,4.0
2024-05-01,Europe,Germany,Monster Rehab Tea + Lemonade,Rehab,Distributor,1433,3.7,0.05,5036.99,2781.23,2255.76,4.6
2024-07-01,Asia Pacific,Thailand,Monster Ultra Zero,Ultra,Supermarket,105,3.4,0.15,303.45,166.58,136.87,4.2
2024-12-01,North America,Canada,Java Monster Mean Bean,Coffee,Gas Station,1457,2.75,0.15,3405.74,2061.68,1344.06,3.7
2025-10-01,Middle East & Africa,South Africa,Monster Energy Zero Sugar,Zero Sugar,Supermarket,570,3.71,0.1,1903.23,1150.3,752.93,4.8
2025-08-01,North America,Mexico,Monster Ultra Fiesta Mango,Ultra,Convenience Store,922,3.79,0.05,3319.66,1599.16,1720.5,3.7
2026-03-01,Asia Pacific,Australia,Monster Nitro Super Dry,Nitro,Supermarket,492,2.77,0.0,1362.84,693.83,669.01,4.8
2025-04-01,Europe,Spain,Monster Pacific Punch,Juice,Gym/Fitness,185,3.38,0.15,531.5,316.58,214.92,4.4
2026-04-01,North America,Mexico,Monster Pipeline Punch,Juice,Supermarket,97,2.11,0.2,163.74,108.45,55.29,4.5
2026-02-01,North America,USA,Monster Mango Loco,Juice,Online,1472,4.11,0.0,6049.92,3449.82,2600.1,4.6
2024-08-01,Latin America,Argentina,Monster Energy Original Green,Original,Convenience Store,525,2.24,0.2,940.8,608.08,332.72,4.3
2024-12-01,Asia Pacific,Japan,Monster Pipeline Punch,Juice,Convenience Store,1023,2.63,0.0,2690.49,1791.83,898.66,4.3
2024-09-01,Latin America,Argentina,Monster Khaotic,Juice,Convenience Store,860,4.3,0.0,3698.0,2084.88,1613.12,4.3
2024-06-01,North America,Mexico,Monster Ultra Zero,Ultra,Supermarket,1313,4.4,0.1,5199.48,3496.35,1703.13,4.9
2026-06-01,Latin America,Brazil,Monster Energy Original Green,Original,Convenience Store,1194,1.51,0.15,1532.5,1009.14,523.36,3.8
2025-04-01,Asia Pacific,South Korea,Java Monster Mean Bean,Coffee,Supermarket,1277,4.04,0.2,4127.26,2015.39,2111.87,3.9
2025-04-01,Europe,UK,Monster Ultra Zero,Ultra,Convenience Store,849,2.31,0.0,1961.19,1208.19,753.0,4.7
2026-05-01,Asia Pacific,Australia,Monster Khaotic,Juice,Distributor,1407,1.63,0.05,2178.74,1321.66,857.08,4.8
2025-11-01,Middle East & Africa,UAE,Monster Energy Original Green,Original,Gas Station,362,4.34,0.2,1256.86,734.06,522.8,3.7
2025-05-01,Asia Pacific,Australia,Monster Ultra Paradise,Ultra,Distributor,978,3.98,0.1,3503.2,1833.65,1669.55,4.4
2024-05-01,North America,USA,Java Monster Mean Bean,Coffee,Distributor,1172,1.65,0.0,1933.8,1074.04,859.76,4.9
2026-04-01,Latin America,Chile,Java Monster Mean Bean,Coffee,Gym/Fitness,1446,2.27,0.0,3282.42,1585.0,1697.42,3.8
2025-09-01,Europe,Italy,Monster Ultra Paradise,Ultra,Convenience Store,1020,4.21,0.1,3864.78,2240.77,1624.01,3.8
2026-01-01,Europe,UK,Monster Nitro Super Dry,Nitro,Gym/Fitness,533,2.47,0.05,1250.68,762.48,488.2,3.9
2025-07-01,Latin America,Colombia,Monster Khaotic,Juice,Gym/Fitness,904,4.39,0.1,3571.7,2259.12,1312.58,4.4
2024-03-01,Latin America,Brazil,Monster Ultra Paradise,Ultra,Gas Station,148,2.86,0.2,338.62,221.22,117.4,4.3
2025-04-01,Europe,Spain,Monster Rehab Tea + Lemonade,Rehab,Gas Station,796,4.06,0.0,3231.76,1615.39,1616.37,3.8
2024-09-01,Europe,Germany,Monster Rehab Tea + Lemonade,Rehab,Supermarket,586,4.21,0.1,2220.35,1108.68,1111.67,4.0
2024-10-01,Europe,UK,Monster Energy Zero Sugar,Zero Sugar,Convenience Store,595,3.28,0.1,1756.44,944.66,811.78,4.2
2025-06-01,Middle East & Africa,South Africa,Monster Ultra Fiesta Mango,Ultra,Supermarket,861,3.24,0.0,2789.64,1793.53,996.11,4.8
2025-05-01,Europe,Italy,Monster Ultra Paradise,Ultra,Supermarket,237,4.04,0.15,813.86,521.76,292.1,4.1
2025-06-01,North America,USA,Monster Mango Loco,Juice,Gas Station,96,4.25,0.2,326.4,208.5,117.9,4.3
2026-01-01,Latin America,Argentina,Monster Nitro Super Dry,Nitro,Distributor,423,4.35,0.05,1748.05,1111.21,636.84,3.9
2025-04-01,Asia Pacific,Australia,Monster Pacific Punch,Juice,Supermarket,603,2.4,0.15,1230.12,828.0,402.12,4.2
2026-08-01,North America,Canada,Monster Pacific Punch,Juice,Distributor,1386,3.78,0.0,5239.08,2595.04,2644.04,4.5
2024-03-01,Latin America,Argentina,Monster Pipeline Punch,Juice,Gym/Fitness,1072,3.67,0.15,3344.1,1742.26,1601.84,4.6
2026-02-01,North America,Canada,Monster Nitro Super Dry,Nitro,Gym/Fitness,1285,2.05,0.0,2634.25,1490.4,1143.85,3.9
2026-08-01,North America,Canada,Monster Pacific Punch,Juice,Online,847,1.87,0.15,1346.31,803.28,543.03,4.6
2026-08-01,Latin America,Argentina,Monster Energy Zero Sugar,Zero Sugar,Distributor,1140,3.61,0.1,3703.86,2113.85,1590.01,3.7
2025-10-01,Asia Pacific,Thailand,Monster Rehab Tea + Lemonade,Rehab,Gas Station,946,2.65,0.05,2381.55,1525.27,856.28,4.6
2026-06-01,Asia Pacific,South Korea,Java Monster Mean Bean,Coffee,Gas Station,756,3.77,0.0,2850.12,1479.21,1370.91,4.1
2025-03-01,Latin America,Colombia,Monster Mango Loco,Juice,Convenience Store,897,1.84,0.05,1567.96,1004.07,563.89,4.3
2024-08-01,Middle East & Africa,South Africa,Monster Ultra Fiesta Mango,Ultra,Supermarket,1377,2.0,0.0,2754.0,1337.05,1416.95,4.2
2024-11-01,Latin America,Colombia,Monster Ultra Zero,Ultra,Convenience Store,1014,1.69,0.1,1542.29,950.04,592.25,3.9
2025-03-01,Asia Pacific,Thailand,Monster Rehab Tea + Lemonade,Rehab,Gas Station,451,2.4,0.0,1082.4,677.57,404.83,4.8
2025-02-01,North America,USA,Monster Ultra Zero,Ultra,Supermarket,180,3.45,0.0,621.0,304.64,316.36,4.5
2026-07-01,Europe,France,Monster Rehab Tea + Lemonade,Rehab,Supermarket,691,3.22,0.0,2225.02,1209.88,1015.14,4.4
2026-08-01,Latin America,Argentina,Monster Rehab Tea + Lemonade,Rehab,Online,1261,3.91,0.2,3944.41,2177.39,1767.02,3.8
2025-06-01,Middle East & Africa,Saudi Arabia,Monster Energy Zero Sugar,Zero Sugar,Gas Station,1150,1.51,0.2,1389.2,710.12,679.08,4.0
2024-12-01,North America,Mexico,Monster Rehab Tea + Lemonade,Rehab,Online,1079,3.61,0.15,3310.91,2198.47,1112.44,4.5
2026-05-01,Europe,Spain,Java Monster Mean Bean,Coffee,Gas Station,1309,2.71,0.0,3547.39,2333.3,1214.09,4.5
2026-03-01,Latin America,Brazil,Monster Energy Original Green,Original,Gas Station,1408,2.3,0.0,3238.4,1652.5,1585.9,4.7
2026-04-01,Middle East & Africa,Saudi Arabia,Monster Mango Loco,Juice,Convenience Store,1467,2.67,0.2,3133.51,2075.22,1058.29,4.4
2025-08-01,Asia Pacific,South Korea,Java Monster Mean Bean,Coffee,Online,951,4.1,0.15,3314.23,1733.68,1580.55,4.0
2024-09-01,Asia Pacific,Australia,Monster Khaotic,Juice,Online,895,2.06,0.0,1843.7,1150.51,693.19,3.8
2025-03-01,Asia Pacific,Australia,Monster Ultra Paradise,Ultra,Supermarket,1090,1.61,0.1,1579.41,967.7,611.71,4.7
2024-10-01,Asia Pacific,Japan,Monster Ultra Fiesta Mango,Ultra,Online,184,2.89,0.0,531.76,260.65,271.11,4.7
2026-05-01,Asia Pacific,Australia,Monster Khaotic,Juice,Gym/Fitness,1470,1.7,0.0,2499.0,1617.12,881.88,4.9
2026-09-01,Latin America,Chile,Monster Pacific Punch,Juice,Distributor,828,3.19,0.05,2509.25,1235.78,1273.47,4.2
2026-08-01,Middle East & Africa,UAE,Monster Pacific Punch,Juice,Distributor,377,2.86,0.05,1024.31,689.24,335.07,4.6
2025-08-01,Europe,UK,Monster Ultra Zero,Ultra,Online,843,3.52,0.2,2373.89,1483.47,890.42,4.1
2024-08-01,Asia Pacific,Japan,Monster Energy Original Green,Original,Convenience Store,1405,2.65,0.2,2978.6,1729.92,1248.68,3.7
2026-08-01,Latin America,Chile,Monster Energy Original Green,Original,Supermarket,1264,3.07,0.1,3492.43,2185.16,1307.27,4.1
2026-05-01,Middle East & Africa,UAE,Monster Nitro Super Dry,Nitro,Supermarket,932,1.75,0.2,1304.8,787.6,517.2,4.3
2025-08-01,North America,Mexico,Monster Pacific Punch,Juice,Supermarket,1048,4.35,0.05,4330.86,2670.06,1660.8,4.7
2026-01-01,Asia Pacific,South Korea,Monster Pipeline Punch,Juice,Distributor,132,2.23,0.0,294.36,152.47,141.89,4.3
2024-12-01,Asia Pacific,Thailand,Monster Ultra Paradise,Ultra,Online,1338,3.92,0.1,4720.46,2334.82,2385.64,4.0
2026-09-01,Europe,Italy,Java Monster Mean Bean,Coffee,Convenience Store,1206,3.05,0.05,3494.38,2075.12,1419.26,4.8
2024-09-01,North America,Canada,Monster Pipeline Punch,Juice,Gym/Fitness,1478,1.69,0.1,2248.04,1187.08,1060.96,4.3
2026-04-01,Latin America,Chile,Monster Pacific Punch,Juice,Distributor,542,1.68,0.0,910.56,557.99,352.57,4.1
2026-03-01,North America,USA,Monster Pipeline Punch,Juice,Gym/Fitness,164,3.24,0.15,451.66,304.23,147.43,4.8
2025-01-01,Latin America,Chile,Monster Khaotic,Juice,Gym/Fitness,1474,2.24,0.2,2641.41,1536.43,1104.98,4.9
2025-10-01,North America,Mexico,Monster Energy Original Green,Original,Gas Station,416,4.47,0.2,1487.62,862.28,625.34,4.1
2026-05-01,Europe,Spain,Monster Energy Original Green,Original,Gas Station,1311,4.17,0.2,4373.5,2461.17,1912.33,4.1
2026-02-01,Latin America,Colombia,Monster Rehab Tea + Lemonade,Rehab,Supermarket,582,2.69,0.0,1565.58,848.86,716.72,4.8
2025-06-01,Europe,Spain,Java Monster Mean Bean,Coffee,Gym/Fitness,195,1.67,0.2,260.52,155.62,104.9,3.8
2025-06-01,North America,Canada,Monster Nitro Super Dry,Nitro,Gym/Fitness,835,3.66,0.05,2903.29,1539.99,1363.3,4.3
2026-04-01,Asia Pacific,South Korea,Monster Ultra Fiesta Mango,Ultra,Distributor,870,1.84,0.05,1520.76,995.85,524.91,4.5
2024-08-01,Asia Pacific,South Korea,Monster Ultra Zero,Ultra,Supermarket,1437,3.29,0.0,4727.73,3214.35,1513.38,4.4
2026-07-01,Asia Pacific,South Korea,Monster Energy Zero Sugar,Zero Sugar,Distributor,321,4.49,0.0,1441.29,701.29,740.0,4.3
2026-01-01,Middle East & Africa,South Africa,Java Monster Mean Bean,Coffee,Online,1315,2.54,0.1,3006.09,1858.43,1147.66,4.8
2024-10-01,Asia Pacific,South Korea,Monster Energy Zero Sugar,Zero Sugar,Convenience Store,124,3.11,0.05,366.36,195.01,171.35,4.8
2024-11-01,Asia Pacific,India,Monster Energy Zero Sugar,Zero Sugar,Online,1075,3.05,0.2,2623.0,1652.29,970.71,4.6
2025-06-01,Middle East & Africa,South Africa,Monster Ultra Zero,Ultra,Supermarket,382,2.08,0.0,794.56,459.64,334.92,4.7
2024-12-01,Middle East & Africa,Saudi Arabia,Monster Pipeline Punch,Juice,Supermarket,957,2.21,0.0,2114.97,1423.81,691.16,3.9
2024-07-01,Europe,UK,Monster Pipeline Punch,Juice,Gas Station,304,4.45,0.05,1285.16,626.12,659.04,4.5
2026-04-01,North America,USA,Monster Pipeline Punch,Juice,Gym/Fitness,674,3.55,0.0,2392.7,1553.11,839.59,4.7
2025-01-01,Europe,UK,Java Monster Mean Bean,Coffee,Gym/Fitness,275,2.14,0.0,588.5,395.45,193.05,4.5
2025-05-01,Middle East & Africa,South Africa,Monster Pipeline Punch,Juice,Gym/Fitness,1180,4.08,0.0,4814.4,3179.07,1635.33,4.8
2026-02-01,North America,Mexico,Monster Ultra Zero,Ultra,Convenience Store,405,3.0,0.05,1154.25,660.22,494.03,4.4
2024-06-01,North America,USA,Monster Ultra Fiesta Mango,Ultra,Distributor,877,2.98,0.0,2613.46,1618.44,995.02,4.5
2025-06-01,Europe,Spain,Java Monster Mean Bean,Coffee,Convenience Store,560,2.45,0.15,1166.2,696.37,469.83,3.7
2025-02-01,Asia Pacific,India,Monster Pipeline Punch,Juice,Supermarket,684,2.35,0.0,1607.4,848.76,758.64,4.1
2024-02-01,Middle East & Africa,Saudi Arabia,Monster Ultra Paradise,Ultra,Supermarket,796,3.47,0.0,2762.12,1738.76,1023.36,4.4
2025-02-01,Latin America,Brazil,Monster Ultra Fiesta Mango,Ultra,Online,1149,3.62,0.1,3743.44,2078.53,1664.91,4.8
2026-01-01,Asia Pacific,India,Monster Energy Zero Sugar,Zero Sugar,Online,1182,4.12,0.0,4869.84,2989.26,1880.58,4.2
2025-01-01,North America,USA,Monster Nitro Super Dry,Nitro,Supermarket,668,3.87,0.2,2068.13,1117.48,950.65,4.2
2026-06-01,Asia Pacific,South Korea,Monster Rehab Tea + Lemonade,Rehab,Online,556,4.21,0.0,2340.76,1381.37,959.39,4.8
2026-10-01,Europe,Germany,Java Monster Mean Bean,Coffee,Convenience Store,971,3.11,0.1,2717.83,1472.17,1245.66,4.7
2024-06-01,North America,Canada,Monster Energy Zero Sugar,Zero Sugar,Online,1125,3.49,0.0,3926.25,2176.14,1750.11,4.3
2025-12-01,Middle East & Africa,Saudi Arabia,Monster Mango Loco,Juice,Distributor,818,3.12,0.1,2296.94,1549.37,747.57,4.0
2024-11-01,Latin America,Argentina,Monster Energy Zero Sugar,Zero Sugar,Convenience Store,630,2.81,0.1,1593.27,808.87,784.4,4.5
2025-12-01,North America,Mexico,Monster Pipeline Punch,Juice,Online,1356,1.76,0.1,2147.9,1322.11,825.79,4.0
2026-07-01,Asia Pacific,Japan,Monster Ultra Paradise,Ultra,Convenience Store,683,4.19,0.0,2861.77,1865.29,996.48,3.8
2025-06-01,Latin America,Brazil,Monster Pacific Punch,Juice,Distributor,593,2.22,0.0,1316.46,769.12,547.34,3.9
2024-05-01,Asia Pacific,India,Monster Energy Zero Sugar,Zero Sugar,Gym/Fitness,455,2.83,0.0,1287.65,718.01,569.64,4.7
2025-12-01,Latin America,Chile,Monster Rehab Tea + Lemonade,Rehab,Distributor,869,2.68,0.0,2328.92,1178.58,1150.34,4.1
2024-05-01,Asia Pacific,South Korea,Monster Pipeline Punch,Juice,Distributor,1311,3.4,0.2,3565.92,2107.67,1458.25,4.3
2024-01-01,North America,Mexico,Monster Ultra Zero,Ultra,Convenience Store,1266,2.43,0.15,2614.92,1532.12,1082.8,4.2
2026-04-01,Middle East & Africa,South Africa,Monster Ultra Zero,Ultra,Convenience Store,1241,3.87,0.2,3842.14,2163.33,1678.81,4.0
2026-08-01,Europe,France,Monster Energy Original Green,Original,Gas Station,135,3.33,0.0,449.55,242.28,207.27,4.4
2026-03-01,North America,Canada,Monster Energy Zero Sugar,Zero Sugar,Gas Station,189,3.95,0.0,746.55,398.23,348.32,4.0
2024-04-01,North America,USA,Monster Mango Loco,Juice,Distributor,225,3.97,0.05,848.59,409.46,439.13,3.9
2024-07-01,Middle East & Africa,UAE,Monster Ultra Zero,Ultra,Distributor,566,3.98,0.15,1914.78,932.56,982.22,4.4
2024-08-01,Middle East & Africa,UAE,Monster Energy Original Green,Original,Gas Station,877,2.92,0.1,2304.76,1209.35,1095.41,4.8
2024-04-01,Middle East & Africa,UAE,Monster Energy Zero Sugar,Zero Sugar,Supermarket,844,2.21,0.0,1865.24,948.6,916.64,4.6
2026-04-01,Asia Pacific,India,Monster Pipeline Punch,Juice,Online,473,4.48,0.15,1801.18,1020.87,780.31,4.6
2024-05-01,North America,Canada,Monster Mango Loco,Juice,Convenience Store,399,2.41,0.1,865.43,493.22,372.21,4.7
2024-09-01,Latin America,Brazil,Monster Energy Original Green,Original,Distributor,304,1.98,0.2,481.54,237.35,244.19,4.9
2026-05-01,Europe,Spain,Monster Ultra Paradise,Ultra,Gas Station,836,4.14,0.0,3461.04,1860.13,1600.91,4.3
2025-04-01,Latin America,Colombia,Monster Ultra Zero,Ultra,Convenience Store,183,1.97,0.15,306.43,174.87,131.56,4.9
2025-06-01,North America,Mexico,Monster Ultra Fiesta Mango,Ultra,Supermarket,1168,3.3,0.1,3468.96,2171.04,1297.92,4.7
2026-10-01,Latin America,Argentina,Monster Energy Original Green,Original,Supermarket,433,2.73,0.0,1182.09,639.16,542.93,4.2
2024-05-01,North America,Mexico,Monster Pipeline Punch,Juice,Gas Station,700,1.79,0.0,1253.0,626.17,626.83,4.4
2026-08-01,Asia Pacific,Thailand,Java Monster Mean Bean,Coffee,Online,1423,3.9,0.0,5549.7,3137.04,2412.66,4.1
2024-05-01,North America,Mexico,Monster Ultra Paradise,Ultra,Convenience Store,639,2.93,0.15,1591.43,781.3,810.13,4.3
2026-01-01,Asia Pacific,India,Monster Mango Loco,Juice,Distributor,1318,3.9,0.0,5140.2,3469.89,1670.31,4.9
2024-02-01,Europe,Germany,Monster Rehab Tea + Lemonade,Rehab,Convenience Store,80,2.72,0.0,217.6,108.32,109.28,4.3
2024-05-01,Europe,France,Monster Mango Loco,Juice,Supermarket,1482,3.51,0.05,4941.73,3328.77,1612.96,4.8
2024-10-01,Europe,Germany,Monster Khaotic,Juice,Distributor,957,2.08,0.0,1990.56,1078.83,911.73,4.3
2025-02-01,Latin America,Argentina,Monster Pipeline Punch,Juice,Online,224,3.57,0.05,759.7,367.6,392.1,4.1
2025-04-01,North America,Mexico,Monster Pipeline Punch,Juice,Supermarket,745,2.18,0.0,1624.1,1090.67,533.43,3.8
2025-11-01,Middle East & Africa,UAE,Monster Energy Zero Sugar,Zero Sugar,Gym/Fitness,223,1.96,0.15,371.52,215.71,155.81,3.8
2026-08-01,Europe,France,Monster Khaotic,Juice,Supermarket,1215,2.08,0.2,2021.76,1281.3,740.46,4.0
2024-01-01,North America,Canada,Monster Pipeline Punch,Juice,Gas Station,1235,2.9,0.0,3581.5,1722.62,1858.88,4.8
2025-05-01,Asia Pacific,Australia,Java Monster Mean Bean,Coffee,Convenience Store,1356,3.03,0.15,3492.38,2325.93,1166.45,4.2
2026-07-01,Europe,Germany,Monster Nitro Super Dry,Nitro,Gas Station,1231,3.09,0.0,3803.79,2000.58,1803.21,3.9
2024-08-01,Asia Pacific,Japan,Monster Rehab Tea + Lemonade,Rehab,Distributor,933,2.19,0.0,2043.27,1308.17,735.1,4.2
2025-09-01,Latin America,Brazil,Java Monster Mean Bean,Coffee,Online,1379,2.15,0.2,2371.88,1220.45,1151.43,4.2
2026-06-01,Latin America,Colombia,Java Monster Mean Bean,Coffee,Supermarket,292,4.05,0.1,1064.34,641.91,422.43,3.7
2024-04-01,Latin America,Brazil,Monster Nitro Super Dry,Nitro,Supermarket,185,1.78,0.1,296.37,151.68,144.69,3.8
2025-01-01,Middle East & Africa,Saudi Arabia,Monster Rehab Tea + Lemonade,Rehab,Supermarket,324,2.65,0.2,686.88,372.29,314.59,4.7
2025-02-01,Middle East & Africa,South Africa,Monster Energy Original Green,Original,Convenience Store,992,4.15,0.2,3293.44,1731.47,1561.97,4.8
2025-05-01,Asia Pacific,South Korea,Monster Ultra Zero,Ultra,Distributor,1371,4.16,0.2,4562.69,2683.56,1879.13,4.5
2026-09-01,Asia Pacific,South Korea,Monster Energy Zero Sugar,Zero Sugar,Gas Station,1358,2.77,0.2,3009.33,1987.86,1021.47,4.7
2024-11-01,Middle East & Africa,South Africa,Monster Khaotic,Juice,Supermarket,1191,1.62,0.0,1929.42,1122.42,807.0,4.6
2024-09-01,Europe,UK,Monster Pipeline Punch,Juice,Gym/Fitness,1236,2.79,0.0,3448.44,2210.33,1238.11,4.1
2025-03-01,North America,Canada,Monster Ultra Zero,Ultra,Online,1205,1.98,0.1,2147.31,1279.68,867.63,4.5
2024-10-01,North America,Mexico,Monster Energy Original Green,Original,Supermarket,810,3.48,0.05,2677.86,1730.56,947.3,4.6
2026-05-01,Asia Pacific,Thailand,Monster Pipeline Punch,Juice,Convenience Store,155,3.53,0.15,465.08,246.54,218.54,4.7
2024-02-01,Asia Pacific,Thailand,Monster Khaotic,Juice,Gas Station,92,1.74,0.05,152.08,100.2,51.88,4.0
2024-01-01,Europe,France,Monster Khaotic,Juice,Gas Station,732,3.31,0.15,2059.48,1019.98,1039.5,4.6
2026-09-01,Latin America,Chile,Monster Khaotic,Juice,Distributor,1459,3.26,0.0,4756.34,2715.12,2041.22,4.7
2025-06-01,Latin America,Colombia,Monster Ultra Fiesta Mango,Ultra,Convenience Store,616,3.85,0.0,2371.6,1378.27,993.33,3.7
2026-01-01,Asia Pacific,South Korea,Monster Energy Original Green,Original,Supermarket,1117,2.12,0.0,2368.04,1348.63,1019.41,4.7
2025-07-01,North America,Canada,Monster Energy Zero Sugar,Zero Sugar,Supermarket,223,3.91,0.2,697.54,412.37,285.17,4.2
2025-04-01,Europe,Spain,Monster Pacific Punch,Juice,Convenience Store,702,3.3,0.05,2200.77,1227.19,973.58,4.0
2025-11-01,North America,Mexico,Monster Ultra Paradise,Ultra,Supermarket,989,1.72,0.0,1701.08,1090.6,610.48,3.8
2026-02-01,North America,Mexico,Monster Pipeline Punch,Juice,Gym/Fitness,1295,3.8,0.15,4182.85,2412.82,1770.03,4.5
2025-12-01,Asia Pacific,Japan,Monster Mango Loco,Juice,Gas Station,1118,1.61,0.05,1709.98,851.89,858.09,4.8
2024-01-01,North America,Mexico,Monster Rehab Tea + Lemonade,Rehab,Distributor,1332,4.01,0.0,5341.32,3262.72,2078.6,4.0
2024-12-01,Middle East & Africa,Saudi Arabia,Monster Rehab Tea + Lemonade,Rehab,Supermarket,1478,3.34,0.1,4442.87,2410.47,2032.4,4.3
2024-10-01,Europe,Italy,Monster Pipeline Punch,Juice,Gas Station,747,3.66,0.05,2597.32,1458.68,1138.64,3.9
2024-12-01,Latin America,Chile,Monster Khaotic,Juice,Online,953,3.6,0.15,2916.18,1471.2,1444.98,4.3
2026-02-01,North America,Canada,Monster Energy Original Green,Original,Distributor,648,2.47,0.05,1520.53,958.64,561.89,4.8
2026-06-01,Europe,France,Monster Khaotic,Juice,Supermarket,444,3.38,0.0,1500.72,758.25,742.47,4.8
2025-09-01,Latin America,Argentina,Monster Khaotic,Juice,Gas Station,1266,3.38,0.2,3423.26,1989.36,1433.9,3.8
2025-07-01,North America,Mexico,Monster Ultra Fiesta Mango,Ultra,Distributor,197,3.96,0.2,624.1,363.04,261.06,4.1
2024-09-01,Middle East & Africa,Saudi Arabia,Monster Mango Loco,Juice,Online,1313,3.39,0.05,4228.52,2631.09,1597.43,3.8
2024-06-01,Latin America,Argentina,Monster Pacific Punch,Juice,Convenience Store,1356,2.95,0.1,3600.18,1977.41,1622.77,4.7
2025-07-01,Europe,Italy,Monster Rehab Tea + Lemonade,Rehab,Gas Station,1341,3.81,0.1,4598.29,2572.99,2025.3,4.1
2026-05-01,Latin America,Argentina,Monster Khaotic,Juice,Convenience Store,1070,2.91,0.0,3113.7,1731.17,1382.53,4.3
2024-08-01,Asia Pacific,Japan,Monster Khaotic,Juice,Gas Station,1249,3.01,0.15,3195.57,2051.41,1144.16,4.8
2025-03-01,Europe,France,Monster Pacific Punch,Juice,Distributor,1065,4.12,0.2,3510.24,1763.97,1746.27,4.8
2024-05-01,Asia Pacific,South Korea,Monster Nitro Super Dry,Nitro,Distributor,822,2.87,0.0,2359.14,1543.9,815.24,3.8
2026-03-01,Asia Pacific,Thailand,Monster Khaotic,Juice,Gas Station,323,1.53,0.0,494.19,333.42,160.77,4.2
2026-02-01,Latin America,Colombia,Monster Khaotic,Juice,Gas Station,1149,2.53,0.05,2761.62,1330.72,1430.9,4.2
2024-10-01,North America,Mexico,Monster Rehab Tea + Lemonade,Rehab,Convenience Store,139,1.93,0.2,214.62,140.31,74.31,4.5
2025-12-01,Latin America,Argentina,Monster Pacific Punch,Juice,Supermarket,1268,1.64,0.05,1975.54,1137.95,837.59,4.3
2024-04-01,Middle East & Africa,UAE,Monster Energy Original Green,Original,Supermarket,826,2.3,0.2,1519.84,920.54,599.3,4.2
2026-02-01,Middle East & Africa,UAE,Monster Khaotic,Juice,Distributor,218,2.48,0.0,540.64,331.95,208.69,3.7
2026-03-01,Europe,Spain,Monster Nitro Super Dry,Nitro,Convenience Store,404,1.88,0.0,759.52,386.97,372.55,3.7
2025-05-01,Middle East & Africa,UAE,Monster Energy Original Green,Original,Gas Station,656,3.32,0.2,1742.34,853.91,888.43,3.8
2026-09-01,Middle East & Africa,South Africa,Monster Khaotic,Juice,Gym/Fitness,1261,4.07,0.0,5132.27,3437.0,1695.27,4.7
2025-12-01,North America,USA,Monster Khaotic,Juice,Online,336,1.98,0.0,665.28,438.53,226.75,4.5
2026-05-01,Europe,Germany,Monster Khaotic,Juice,Gas Station,1248,2.79,0.1,3133.73,1738.31,1395.42,4.5
2025-08-01,Europe,France,Java Monster Mean Bean,Coffee,Supermarket,136,2.94,0.0,399.84,194.42,205.42,4.9
2025-04-01,Asia Pacific,South Korea,Monster Mango Loco,Juice,Supermarket,871,4.47,0.2,3114.7,1873.07,1241.63,3.8
2025-10-01,Latin America,Brazil,Monster Khaotic,Juice,Distributor,618,3.73,0.15,1959.37,1229.76,729.61,3.9
2026-07-01,North America,Mexico,Monster Ultra Zero,Ultra,Online,1284,1.74,0.15,1899.04,1000.44,898.6,3.8
2026-01-01,Asia Pacific,South Korea,Monster Ultra Paradise,Ultra,Distributor,462,2.77,0.05,1215.75,648.67,567.08,4.2
2026-03-01,Middle East & Africa,Saudi Arabia,Monster Energy Original Green,Original,Convenience Store,723,1.99,0.15,1222.95,628.21,594.74,4.6
2025-05-01,Middle East & Africa,Saudi Arabia,Monster Mango Loco,Juice,Gym/Fitness,454,4.13,0.1,1687.52,963.18,724.34,4.3
2024-02-01,North America,Canada,Monster Ultra Fiesta Mango,Ultra,Online,540,3.04,0.05,1559.52,958.85,600.67,4.5
2025-01-01,North America,USA,Monster Pipeline Punch,Juice,Gym/Fitness,274,2.59,0.15,603.21,360.58,242.63,3.8
2025-10-01,Europe,Italy,Monster Pipeline Punch,Juice,Online,849,3.56,0.05,2871.32,1540.68,1330.64,4.8
2026-09-01,Middle East & Africa,Saudi Arabia,Monster Rehab Tea + Lemonade,Rehab,Supermarket,698,3.94,0.0,2750.12,1812.35,937.77,4.5
2024-09-01,Europe,UK,Monster Rehab Tea + Lemonade,Rehab,Gas Station,102,2.91,0.2,237.46,131.25,106.21,4.0
2024-03-01,Europe,UK,Monster Energy Original Green,Original,Gym/Fitness,1014,2.77,0.15,2387.46,1267.33,1120.13,4.7
2025-06-01,Asia Pacific,South Korea,Monster Ultra Zero,Ultra,Gas Station,379,1.85,0.15,595.98,308.48,287.5,4.5
2024-04-01,North America,Mexico,Monster Nitro Super Dry,Nitro,Convenience Store,1081,3.5,0.0,3783.5,1979.62,1803.88,3.9
2026-07-01,Asia Pacific,South Korea,Monster Energy Original Green,Original,Gym/Fitness,1170,2.13,0.15,2118.28,1019.08,1099.2,3.7
2026-02-01,Latin America,Brazil,Monster Energy Zero Sugar,Zero Sugar,Gas Station,496,2.52,0.05,1187.42,770.01,417.41,4.6
2025-09-01,Middle East & Africa,South Africa,Monster Ultra Fiesta Mango,Ultra,Gym/Fitness,1385,2.81,0.05,3697.26,2275.28,1421.98,4.3
2024-03-01,North America,USA,Monster Mango Loco,Juice,Distributor,1250,4.49,0.2,4490.0,2485.02,2004.98,4.8
2025-04-01,North America,USA,Monster Mango Loco,Juice,Gym/Fitness,1499,3.45,0.2,4137.24,2563.58,1573.66,4.0
2024-06-01,North America,Canada,Monster Energy Original Green,Original,Online,796,4.06,0.0,3231.76,1902.98,1328.78,3.7
2026-10-01,North America,Mexico,Monster Pipeline Punch,Juice,Online,1071,2.25,0.0,2409.75,1359.53,1050.22,4.9
2024-07-01,Middle East & Africa,UAE,Monster Pipeline Punch,Juice,Gas Station,365,2.32,0.15,719.78,355.94,363.84,4.7
2024-08-01,Latin America,Colombia,Monster Energy Zero Sugar,Zero Sugar,Supermarket,1044,1.88,0.15,1668.31,1065.18,603.13,4.0
2024-04-01,Europe,UK,Monster Energy Original Green,Original,Convenience Store,279,4.01,0.15,950.97,550.39,400.58,4.9
2025-11-01,Europe,Spain,Monster Nitro Super Dry,Nitro,Supermarket,91,3.75,0.0,341.25,167.65,173.6,4.1
2025-04-01,Europe,Italy,Monster Ultra Zero,Ultra,Gym/Fitness,1329,3.26,0.0,4332.54,2634.6,1697.94,4.0
2025-07-01,North America,Mexico,Monster Mango Loco,Juice,Convenience Store,282,2.87,0.15,687.94,438.77,249.17,4.1
2024-09-01,North America,USA,Monster Energy Original Green,Original,Distributor,1361,3.82,0.1,4679.12,3171.71,1507.41,3.9
2025-05-01,Latin America,Brazil,Monster Mango Loco,Juice,Gas Station,787,3.99,0.05,2983.12,1494.7,1488.42,4.4
2024-08-01,North America,Mexico,Monster Ultra Fiesta Mango,Ultra,Convenience Store,572,3.53,0.05,1918.2,1115.59,802.61,4.3
2026-08-01,Asia Pacific,Thailand,Monster Pipeline Punch,Juice,Supermarket,1134,3.0,0.1,3061.8,1679.1,1382.7,4.7
2025-10-01,Europe,France,Monster Ultra Paradise,Ultra,Distributor,1059,3.37,0.0,3568.83,2245.73,1323.1,3.7
2024-04-01,Asia Pacific,South Korea,Java Monster Mean Bean,Coffee,Supermarket,1162,3.62,0.05,3996.12,2233.3,1762.82,3.7
2026-03-01,North America,USA,Monster Pacific Punch,Juice,Supermarket,287,3.69,0.05,1006.08,605.33,400.75,4.2
2024-05-01,Asia Pacific,Australia,Monster Energy Original Green,Original,Supermarket,929,4.16,0.2,3091.71,1613.51,1478.2,3.7
2024-05-01,Asia Pacific,Australia,Monster Energy Zero Sugar,Zero Sugar,Distributor,964,2.44,0.0,2352.16,1524.5,827.66,4.7
2024-07-01,Asia Pacific,Thailand,Monster Khaotic,Juice,Gas Station,1263,2.69,0.05,3227.6,1574.47,1653.13,4.5
2025-05-01,Middle East & Africa,South Africa,Monster Khaotic,Juice,Supermarket,1372,4.08,0.15,4758.1,2371.69,2386.41,4.6
2025-10-01,Europe,Spain,Monster Khaotic,Juice,Supermarket,568,2.72,0.15,1313.22,827.5,485.72,4.3
2026-10-01,Asia Pacific,Thailand,Monster Ultra Zero,Ultra,Distributor,1126,4.27,0.0,4808.02,2907.23,1900.79,3.8
2024-10-01,North America,USA,Monster Khaotic,Juice,Distributor,774,2.29,0.15,1506.59,950.95,555.64,4.5
2024-09-01,Latin America,Argentina,Monster Pacific Punch,Juice,Supermarket,1281,1.94,0.2,1988.11,1180.65,807.46,4.7
2025-05-01,Latin America,Colombia,Monster Ultra Fiesta Mango,Ultra,Gym/Fitness,174,2.93,0.05,484.33,314.81,169.52,4.6
2024-05-01,North America,Canada,Monster Khaotic,Juice,Gym/Fitness,1365,2.33,0.15,2703.38,1672.2,1031.18,4.7
2025-01-01,Middle East & Africa,South Africa,Monster Pacific Punch,Juice,Gym/Fitness,506,4.46,0.1,2031.08,1209.66,821.42,4.6
2024-05-01,Middle East & Africa,UAE,Monster Pipeline Punch,Juice,Gym/Fitness,1234,2.02,0.1,2243.41,1352.73,890.68,4.3
2026-06-01,Europe,France,Java Monster Mean Bean,Coffee,Online,576,3.36,0.0,1935.36,1149.42,785.94,4.6
2024-03-01,Latin America,Chile,Monster Energy Original Green,Original,Gym/Fitness,826,2.74,0.0,2263.24,1492.63,770.61,4.0
2026-09-01,Middle East & Africa,UAE,Java Monster Mean Bean,Coffee,Distributor,861,3.58,0.1,2774.14,1520.35,1253.79,3.7
2025-07-01,North America,USA,Monster Pipeline Punch,Juice,Online,1419,2.34,0.0,3320.46,1641.89,1678.57,4.8
2024-06-01,Europe,Germany,Monster Ultra Zero,Ultra,Gym/Fitness,1409,2.72,0.0,3832.48,1843.69,1988.79,4.6
2024-02-01,Asia Pacific,India,Monster Pipeline Punch,Juice,Convenience Store,186,3.92,0.2,583.3,296.45,286.85,3.7
2024-02-01,Middle East & Africa,UAE,Monster Nitro Super Dry,Nitro,Convenience Store,482,3.5,0.2,1349.6,691.67,657.93,4.5
2026-07-01,Asia Pacific,Australia,Monster Khaotic,Juice,Supermarket,872,1.64,0.15,1215.57,657.05,558.52,4.5
2024-12-01,North America,USA,Monster Rehab Tea + Lemonade,Rehab,Convenience Store,249,3.75,0.2,747.0,502.19,244.81,4.4
2025-04-01,Middle East & Africa,South Africa,Java Monster Mean Bean,Coffee,Online,267,4.1,0.0,1094.7,641.02,453.68,4.6
2025-01-01,Middle East & Africa,Saudi Arabia,Monster Energy Original Green,Original,Gym/Fitness,876,2.47,0.0,2163.72,1138.03,1025.69,4.6
2024-07-01,Asia Pacific,Thailand,Monster Nitro Super Dry,Nitro,Distributor,657,3.4,0.1,2010.42,1318.52,691.9,3.7
2025-11-01,Asia Pacific,Thailand,Monster Ultra Fiesta Mango,Ultra,Online,848,2.68,0.15,1931.74,1011.97,919.77,4.2
2026-03-01,Latin America,Brazil,Monster Ultra Zero,Ultra,Gym/Fitness,875,4.31,0.0,3771.25,1986.38,1784.87,4.0
2025-01-01,Latin America,Brazil,Monster Ultra Fiesta Mango,Ultra,Supermarket,1451,4.06,0.1,5301.95,3440.33,1861.62,4.0
2025-06-01,North America,USA,Monster Pacific Punch,Juice,Online,110,3.05,0.1,301.95,182.64,119.31,4.5
2026-08-01,Europe,UK,Monster Energy Zero Sugar,Zero Sugar,Gym/Fitness,953,3.17,0.05,2869.96,1869.34,1000.62,4.8
2024-04-01,North America,Canada,Monster Ultra Paradise,Ultra,Supermarket,581,4.13,0.0,2399.53,1251.34,1148.19,4.8
2025-02-01,North America,Canada,Monster Ultra Zero,Ultra,Online,1353,3.69,0.05,4742.94,2717.41,2025.53,4.7
2025-04-01,Europe,Italy,Monster Ultra Paradise,Ultra,Online,1272,2.41,0.0,3065.52,1624.78,1440.74,4.7
2024-02-01,Europe,Italy,Monster Pacific Punch,Juice,Gas Station,570,2.09,0.0,1191.3,640.89,550.41,3.7
2024-06-01,Latin America,Colombia,Monster Rehab Tea + Lemonade,Rehab,Online,281,2.79,0.1,705.59,389.18,316.41,3.7
2024-07-01,North America,Mexico,Monster Energy Original Green,Original,Supermarket,1054,3.13,0.0,3299.02,1871.03,1427.99,4.0
2024-06-01,Europe,France,Monster Nitro Super Dry,Nitro,Online,1120,3.04,0.05,3234.56,1620.3,1614.26,4.7
2025-06-01,Middle East & Africa,Saudi Arabia,Monster Energy Original Green,Original,Gym/Fitness,838,1.73,0.15,1232.28,712.41,519.87,4.7
2024-09-01,Latin America,Chile,Monster Ultra Fiesta Mango,Ultra,Gas Station,1266,3.23,0.05,3884.72,2471.99,1412.73,4.6
2024-01-01,Asia Pacific,Thailand,Monster Pacific Punch,Juice,Supermarket,582,2.68,0.05,1481.77,909.56,572.21,4.6
2024-07-01,North America,USA,Monster Khaotic,Juice,Supermarket,492,2.84,0.15,1187.69,597.11,590.58,4.2
2024-07-01,Latin America,Chile,Monster Mango Loco,Juice,Online,995,2.45,0.0,2437.75,1297.21,1140.54,4.7
2026-09-01,Latin America,Argentina,Monster Ultra Paradise,Ultra,Online,788,2.47,0.1,1751.72,958.96,792.76,4.0
2025-01-01,Middle East & Africa,UAE,Monster Mango Loco,Juice,Supermarket,543,1.64,0.0,890.52,542.83,347.69,4.0
2026-06-01,Latin America,Argentina,Monster Nitro Super Dry,Nitro,Distributor,1414,3.49,0.0,4934.86,3306.56,1628.3,3.8
2024-03-01,Europe,Spain,Monster Pipeline Punch,Juice,Gas Station,557,2.23,0.2,993.69,651.64,342.05,4.1
2024-04-01,Middle East & Africa,UAE,Monster Pipeline Punch,Juice,Distributor,589,1.6,0.0,942.4,628.73,313.67,4.0
2026-06-01,Asia Pacific,Japan,Monster Nitro Super Dry,Nitro,Convenience Store,378,4.24,0.0,1602.72,1064.76,537.96,4.6
2025-01-01,Middle East & Africa,UAE,Monster Ultra Zero,Ultra,Gym/Fitness,170,2.84,0.1,434.52,250.53,183.99,4.1
2024-08-01,Middle East & Africa,South Africa,Monster Khaotic,Juice,Convenience Store,1005,2.19,0.1,1980.85,1191.91,788.94,4.4
2026-10-01,Asia Pacific,Japan,Monster Ultra Paradise,Ultra,Online,934,4.23,0.1,3555.74,2229.76,1325.98,4.1
2026-05-01,North America,Canada,Monster Pacific Punch,Juice,Online,1352,2.71,0.1,3297.53,2081.76,1215.77,4.0
2024-02-01,North America,Canada,Monster Ultra Paradise,Ultra,Convenience Store,1344,3.41,0.05,4353.89,2544.52,1809.37,4.2
2024-06-01,Europe,Spain,Monster Ultra Fiesta Mango,Ultra,Supermarket,1337,2.99,0.05,3797.75,2078.48,1719.27,4.4
2026-10-01,Middle East & Africa,UAE,Monster Pacific Punch,Juice,Gym/Fitness,1174,3.92,0.1,4141.87,2520.09,1621.78,4.0
2026-01-01,Middle East & Africa,Saudi Arabia,Monster Ultra Zero,Ultra,Supermarket,161,2.31,0.2,297.53,163.43,134.1,4.9
2024-01-01,Europe,Germany,Monster Nitro Super Dry,Nitro,Gas Station,587,3.73,0.15,1861.08,1156.67,704.41,3.7
2025-07-01,North America,USA,Monster Rehab Tea + Lemonade,Rehab,Gym/Fitness,1422,3.9,0.0,5545.8,3059.47,2486.33,3.9
2026-01-01,Latin America,Chile,Monster Pipeline Punch,Juice,Supermarket,1427,2.27,0.2,2591.43,1449.5,1141.93,4.8
2024-02-01,Asia Pacific,India,Monster Energy Original Green,Original,Convenience Store,1443,3.21,0.0,4632.03,2343.71,2288.32,4.6
2025-11-01,North America,Canada,Monster Nitro Super Dry,Nitro,Supermarket,926,3.1,0.0,2870.6,1656.94,1213.66,4.1
2024-09-01,Europe,Spain,Monster Khaotic,Juice,Distributor,176,2.75,0.2,387.2,189.89,197.31,4.8
2025-01-01,Latin America,Argentina,Monster Mango Loco,Juice,Gas Station,489,3.1,0.15,1288.52,853.89,434.63,4.2
2024-01-01,Latin America,Chile,Monster Nitro Super Dry,Nitro,Online,411,2.67,0.05,1042.5,667.44,375.06,4.4
2024-02-01,Europe,Italy,Monster Energy Zero Sugar,Zero Sugar,Gas Station,1097,2.42,0.05,2522.0,1219.67,1302.33,4.3
2025-07-01,Europe,UK,Monster Rehab Tea + Lemonade,Rehab,Gym/Fitness,482,2.02,0.0,973.64,621.94,351.7,4.9
2024-11-01,North America,USA,Java Monster Mean Bean,Coffee,Convenience Store,809,4.02,0.1,2926.96,1541.69,1385.27,4.6
2024-05-01,Middle East & Africa,Saudi Arabia,Monster Ultra Fiesta Mango,Ultra,Convenience Store,522,2.69,0.0,1404.18,868.05,536.13,4.2
2024-10-01,North America,USA,Monster Nitro Super Dry,Nitro,Online,533,2.41,0.05,1220.3,664.07,556.23,4.0
2024-04-01,Asia Pacific,Japan,Monster Ultra Paradise,Ultra,Online,1202,3.64,0.1,3937.75,1989.5,1948.25,4.5
